{"timeElapsed":5335,"game":"{\"winner\": 1, \"round\": 68}","players":[{"responseTimes":[55,5,3,5,5,5,2,5,4,4,4,2,2,2,5,5,2,4,2,4,4,2,5,2,2,2,4,3,2,2,2,2,8,2],"log":"settings player_names player0,player1\nsettings your_bot player0\nsettings timebank 20000\nsettings time_per_move 10000\naction {\"round\": 1, \"board\": \"-1,-1,-1,-1,-1,-1,-1,-1,-1,-1,-1,-1,-1,-1,-1 -1,-1,-1,-1,-1,-1,-1,-1,-1,-1,-1,-1,-1,-1,-1 -1,-1,-1,-1,-1,-1,-1,-1,-1,-1,-1,-1,-1,-1,-1 -1,-1,-1,-1,-1,-1,-1,-1,-1,-1,-1,-1,-1,-1,-1 -1,-1,-1,-1,-1,-1,-1,-1,-1,-1,-1,-1,-1,-1,-1 -1,-1,-1,-1,-1,-1,-1,-1,-1,-1,-1,-1,-1,-1,-1 -1,-1,-1,-1,-1,-1,-1,-1,-1,-1,-1,-1,-1,-1,-1 -1,-1,-1,-1,-1,-1,-1,-1,-1,-1,-1,-1,-1,-1,-1 -1,-1,-1,-1,-1,-1,-1,-1,-1,-1,-1,-1,-1,-1,-1 -1,-1,-1,-1,-1,-1,-1,-1,-1,-1,-1,-1,-1,-1,-1 -1,-1,-1,-1,-1,-1,-1,-1,-1,-1,-1,-1,-1,-1,-1 -1,-1,-1,-1,-1,-1,-1,-1,-1,-1,-1,-1,-1,-1,-1 -1,-1,-1,-1,-1,-1,-1,-1,-1,-1,-1,-1,-1,-1,-1 -1,-1,-1,-1,-1,-1,-1,-1,-1,-1,-1,-1,-1,-1,-1 -1,-1,-1,-1,-1,-1,-1,-1,-1,-1,-1,-1,-1,-1,-1 \"} 20000\nOutput from your bot: \"action {\"row\": 7, \"col\": 7}\"\naction {\"round\": 3, \"board\": \"-1,-1,-1,-1,-1,-1,-1,-1,-1,-1,-1,-1,-1,-1,-1 -1,-1,-1,-1,-1,-1,-1,-1,-1,-1,-1,-1,-1,-1,-1 -1,-1,-1,-1,-1,-1,-1,-1,-1,-1,-1,-1,-1,-1,-1 -1,-1,-1,-1,-1,-1,-1,-1,-1,-1,-1,-1,-1,-1,-1 -1,-1,-1,-1,-1,-1,-1,-1,-1,-1,-1,-1,-1,-1,-1 -1,-1,-1,-1,-1,-1,-1,-1,-1,-1,-1,-1,-1,-1,-1 -1,-1,-1,-1,-1,-1,1,-1,-1,-1,-1,-1,-1,-1,-1 -1,-1,-1,-1,-1,-1,-1,0,-1,-1,-1,-1,-1,-1,-1 -1,-1,-1,-1,-1,-1,-1,-1,-1,-1,-1,-1,-1,-1,-1 -1,-1,-1,-1,-1,-1,-1,-1,-1,-1,-1,-1,-1,-1,-1 -1,-1,-1,-1,-1,-1,-1,-1,-1,-1,-1,-1,-1,-1,-1 -1,-1,-1,-1,-1,-1,-1,-1,-1,-1,-1,-1,-1,-1,-1 -1,-1,-1,-1,-1,-1,-1,-1,-1,-1,-1,-1,-1,-1,-1 -1,-1,-1,-1,-1,-1,-1,-1,-1,-1,-1,-1,-1,-1,-1 -1,-1,-1,-1,-1,-1,-1,-1,-1,-1,-1,-1,-1,-1,-1 \"} 20000\nOutput from your bot: \"action {\"row\": 6, \"col\": 7}\"\naction {\"round\": 5, \"board\": \"-1,-1,-1,-1,-1,-1,-1,-1,-1,-1,-1,-1,-1,-1,-1 -1,-1,-1,-1,-1,-1,-1,-1,-1,-1,-1,-1,-1,-1,-1 -1,-1,-1,-1,-1,-1,-1,-1,-1,-1,-1,-1,-1,-1,-1 -1,-1,-1,-1,-1,-1,-1,-1,-1,-1,-1,-1,-1,-1,-1 -1,-1,-1,-1,-1,-1,-1,-1,-1,-1,-1,-1,-1,-1,-1 -1,-1,-1,-1,-1,-1,-1,-1,-1,-1,-1,-1,-1,-1,-1 -1,-1,-1,-1,-1,-1,1,0,-1,-1,-1,-1,-1,-1,-1 -1,-1,-1,-1,-1,-1,1,0,-1,-1,-1,-1,-1,-1,-1 -1,-1,-1,-1,-1,-1,-1,-1,-1,-1,-1,-1,-1,-1,-1 -1,-1,-1,-1,-1,-1,-1,-1,-1,-1,-1,-1,-1,-1,-1 -1,-1,-1,-1,-1,-1,-1,-1,-1,-1,-1,-1,-1,-1,-1 -1,-1,-1,-1,-1,-1,-1,-1,-1,-1,-1,-1,-1,-1,-1 -1,-1,-1,-1,-1,-1,-1,-1,-1,-1,-1,-1,-1,-1,-1 -1,-1,-1,-1,-1,-1,-1,-1,-1,-1,-1,-1,-1,-1,-1 -1,-1,-1,-1,-1,-1,-1,-1,-1,-1,-1,-1,-1,-1,-1 \"} 20000\nOutput from your bot: \"action {\"row\": 5, \"col\": 6}\"\naction {\"round\": 7, \"board\": \"-1,-1,-1,-1,-1,-1,-1,-1,-1,-1,-1,-1,-1,-1,-1 -1,-1,-1,-1,-1,-1,-1,-1,-1,-1,-1,-1,-1,-1,-1 -1,-1,-1,-1,-1,-1,-1,-1,-1,-1,-1,-1,-1,-1,-1 -1,-1,-1,-1,-1,-1,-1,-1,-1,-1,-1,-1,-1,-1,-1 -1,-1,-1,-1,-1,-1,-1,-1,-1,-1,-1,-1,-1,-1,-1 -1,-1,-1,-1,-1,-1,0,1,-1,-1,-1,-1,-1,-1,-1 -1,-1,-1,-1,-1,-1,1,0,-1,-1,-1,-1,-1,-1,-1 -1,-1,-1,-1,-1,-1,1,0,-1,-1,-1,-1,-1,-1,-1 -1,-1,-1,-1,-1,-1,-1,-1,-1,-1,-1,-1,-1,-1,-1 -1,-1,-1,-1,-1,-1,-1,-1,-1,-1,-1,-1,-1,-1,-1 -1,-1,-1,-1,-1,-1,-1,-1,-1,-1,-1,-1,-1,-1,-1 -1,-1,-1,-1,-1,-1,-1,-1,-1,-1,-1,-1,-1,-1,-1 -1,-1,-1,-1,-1,-1,-1,-1,-1,-1,-1,-1,-1,-1,-1 -1,-1,-1,-1,-1,-1,-1,-1,-1,-1,-1,-1,-1,-1,-1 -1,-1,-1,-1,-1,-1,-1,-1,-1,-1,-1,-1,-1,-1,-1 \"} 20000\nOutput from your bot: \"action {\"row\": 6, \"col\": 8}\"\naction {\"round\": 9, \"board\": \"-1,-1,-1,-1,-1,-1,-1,-1,-1,-1,-1,-1,-1,-1,-1 -1,-1,-1,-1,-1,-1,-1,-1,-1,-1,-1,-1,-1,-1,-1 -1,-1,-1,-1,-1,-1,-1,-1,-1,-1,-1,-1,-1,-1,-1 -1,-1,-1,-1,-1,-1,-1,-1,-1,-1,-1,-1,-1,-1,-1 -1,-1,-1,-1,-1,-1,-1,-1,-1,-1,-1,-1,-1,-1,-1 -1,-1,-1,-1,-1,-1,0,1,-1,-1,-1,-1,-1,-1,-1 -1,-1,-1,-1,-1,-1,1,0,0,-1,-1,-1,-1,-1,-1 -1,-1,-1,-1,-1,-1,1,0,1,-1,-1,-1,-1,-1,-1 -1,-1,-1,-1,-1,-1,-1,-1,-1,-1,-1,-1,-1,-1,-1 -1,-1,-1,-1,-1,-1,-1,-1,-1,-1,-1,-1,-1,-1,-1 -1,-1,-1,-1,-1,-1,-1,-1,-1,-1,-1,-1,-1,-1,-1 -1,-1,-1,-1,-1,-1,-1,-1,-1,-1,-1,-1,-1,-1,-1 -1,-1,-1,-1,-1,-1,-1,-1,-1,-1,-1,-1,-1,-1,-1 -1,-1,-1,-1,-1,-1,-1,-1,-1,-1,-1,-1,-1,-1,-1 -1,-1,-1,-1,-1,-1,-1,-1,-1,-1,-1,-1,-1,-1,-1 \"} 20000\nOutput from your bot: \"action {\"row\": 8, \"col\": 7}\"\naction {\"round\": 11, \"board\": \"-1,-1,-1,-1,-1,-1,-1,-1,-1,-1,-1,-1,-1,-1,-1 -1,-1,-1,-1,-1,-1,-1,-1,-1,-1,-1,-1,-1,-1,-1 -1,-1,-1,-1,-1,-1,-1,-1,-1,-1,-1,-1,-1,-1,-1 -1,-1,-1,-1,-1,-1,-1,-1,-1,-1,-1,-1,-1,-1,-1 -1,-1,-1,-1,-1,-1,-1,-1,-1,-1,-1,-1,-1,-1,-1 -1,-1,-1,-1,-1,-1,0,1,-1,-1,-1,-1,-1,-1,-1 -1,-1,-1,-1,-1,-1,1,0,0,-1,-1,-1,-1,-1,-1 -1,-1,-1,-1,-1,-1,1,0,1,-1,-1,-1,-1,-1,-1 -1,-1,-1,-1,-1,-1,1,0,-1,-1,-1,-1,-1,-1,-1 -1,-1,-1,-1,-1,-1,-1,-1,-1,-1,-1,-1,-1,-1,-1 -1,-1,-1,-1,-1,-1,-1,-1,-1,-1,-1,-1,-1,-1,-1 -1,-1,-1,-1,-1,-1,-1,-1,-1,-1,-1,-1,-1,-1,-1 -1,-1,-1,-1,-1,-1,-1,-1,-1,-1,-1,-1,-1,-1,-1 -1,-1,-1,-1,-1,-1,-1,-1,-1,-1,-1,-1,-1,-1,-1 -1,-1,-1,-1,-1,-1,-1,-1,-1,-1,-1,-1,-1,-1,-1 \"} 20000\nOutput from your bot: \"action {\"row\": 9, \"col\": 7}\"\naction {\"round\": 13, \"board\": \"-1,-1,-1,-1,-1,-1,-1,-1,-1,-1,-1,-1,-1,-1,-1 -1,-1,-1,-1,-1,-1,-1,-1,-1,-1,-1,-1,-1,-1,-1 -1,-1,-1,-1,-1,-1,-1,-1,-1,-1,-1,-1,-1,-1,-1 -1,-1,-1,-1,-1,-1,-1,-1,-1,-1,-1,-1,-1,-1,-1 -1,-1,-1,-1,-1,-1,-1,-1,-1,-1,-1,-1,-1,-1,-1 -1,-1,-1,-1,-1,-1,0,1,-1,-1,-1,-1,-1,-1,-1 -1,-1,-1,-1,-1,-1,1,0,0,-1,-1,-1,-1,-1,-1 -1,-1,-1,-1,-1,-1,1,0,1,-1,-1,-1,-1,-1,-1 -1,-1,-1,-1,-1,-1,1,0,-1,-1,-1,-1,-1,-1,-1 -1,-1,-1,-1,-1,-1,-1,0,-1,-1,-1,-1,-1,-1,-1 -1,-1,-1,-1,-1,-1,-1,1,-1,-1,-1,-1,-1,-1,-1 -1,-1,-1,-1,-1,-1,-1,-1,-1,-1,-1,-1,-1,-1,-1 -1,-1,-1,-1,-1,-1,-1,-1,-1,-1,-1,-1,-1,-1,-1 -1,-1,-1,-1,-1,-1,-1,-1,-1,-1,-1,-1,-1,-1,-1 -1,-1,-1,-1,-1,-1,-1,-1,-1,-1,-1,-1,-1,-1,-1 \"} 20000\nOutput from your bot: \"action {\"row\": 9, \"col\": 6}\"\naction {\"round\": 15, \"board\": \"-1,-1,-1,-1,-1,-1,-1,-1,-1,-1,-1,-1,-1,-1,-1 -1,-1,-1,-1,-1,-1,-1,-1,-1,-1,-1,-1,-1,-1,-1 -1,-1,-1,-1,-1,-1,-1,-1,-1,-1,-1,-1,-1,-1,-1 -1,-1,-1,-1,-1,-1,-1,-1,-1,-1,-1,-1,-1,-1,-1 -1,-1,-1,-1,-1,-1,-1,-1,-1,-1,-1,-1,-1,-1,-1 -1,-1,-1,-1,-1,-1,0,1,-1,-1,-1,-1,-1,-1,-1 -1,-1,-1,-1,-1,-1,1,0,0,-1,-1,-1,-1,-1,-1 -1,-1,-1,-1,-1,-1,1,0,1,-1,-1,-1,-1,-1,-1 -1,-1,-1,-1,-1,-1,1,0,-1,-1,-1,-1,-1,-1,-1 -1,-1,-1,-1,-1,-1,0,0,1,-1,-1,-1,-1,-1,-1 -1,-1,-1,-1,-1,-1,-1,1,-1,-1,-1,-1,-1,-1,-1 -1,-1,-1,-1,-1,-1,-1,-1,-1,-1,-1,-1,-1,-1,-1 -1,-1,-1,-1,-1,-1,-1,-1,-1,-1,-1,-1,-1,-1,-1 -1,-1,-1,-1,-1,-1,-1,-1,-1,-1,-1,-1,-1,-1,-1 -1,-1,-1,-1,-1,-1,-1,-1,-1,-1,-1,-1,-1,-1,-1 \"} 20000\nOutput from your bot: \"action {\"row\": 8, \"col\": 8}\"\naction {\"round\": 17, \"board\": \"-1,-1,-1,-1,-1,-1,-1,-1,-1,-1,-1,-1,-1,-1,-1 -1,-1,-1,-1,-1,-1,-1,-1,-1,-1,-1,-1,-1,-1,-1 -1,-1,-1,-1,-1,-1,-1,-1,-1,-1,-1,-1,-1,-1,-1 -1,-1,-1,-1,-1,-1,-1,-1,-1,-1,-1,-1,-1,-1,-1 -1,-1,-1,-1,-1,-1,-1,-1,-1,-1,-1,-1,-1,-1,-1 -1,-1,-1,-1,-1,-1,0,1,-1,-1,-1,-1,-1,-1,-1 -1,-1,-1,-1,-1,-1,1,0,0,-1,-1,-1,-1,-1,-1 -1,-1,-1,-1,-1,-1,1,0,1,-1,-1,-1,-1,-1,-1 -1,-1,-1,-1,-1,-1,1,0,0,-1,-1,-1,-1,-1,-1 -1,-1,-1,-1,-1,-1,0,0,1,-1,-1,-1,-1,-1,-1 -1,-1,-1,-1,-1,-1,1,1,-1,-1,-1,-1,-1,-1,-1 -1,-1,-1,-1,-1,-1,-1,-1,-1,-1,-1,-1,-1,-1,-1 -1,-1,-1,-1,-1,-1,-1,-1,-1,-1,-1,-1,-1,-1,-1 -1,-1,-1,-1,-1,-1,-1,-1,-1,-1,-1,-1,-1,-1,-1 -1,-1,-1,-1,-1,-1,-1,-1,-1,-1,-1,-1,-1,-1,-1 \"} 20000\nOutput from your bot: \"action {\"row\": 8, \"col\": 9}\"\naction {\"round\": 19, \"board\": \"-1,-1,-1,-1,-1,-1,-1,-1,-1,-1,-1,-1,-1,-1,-1 -1,-1,-1,-1,-1,-1,-1,-1,-1,-1,-1,-1,-1,-1,-1 -1,-1,-1,-1,-1,-1,-1,-1,-1,-1,-1,-1,-1,-1,-1 -1,-1,-1,-1,-1,-1,-1,-1,-1,-1,-1,-1,-1,-1,-1 -1,-1,-1,-1,-1,-1,-1,-1,-1,-1,-1,-1,-1,-1,-1 -1,-1,-1,-1,-1,-1,0,1,-1,-1,-1,-1,-1,-1,-1 -1,-1,-1,-1,-1,-1,1,0,0,-1,-1,-1,-1,-1,-1 -1,-1,-1,-1,-1,-1,1,0,1,-1,-1,-1,-1,-1,-1 -1,-1,-1,-1,-1,-1,1,0,0,0,1,-1,-1,-1,-1 -1,-1,-1,-1,-1,-1,0,0,1,-1,-1,-1,-1,-1,-1 -1,-1,-1,-1,-1,-1,1,1,-1,-1,-1,-1,-1,-1,-1 -1,-1,-1,-1,-1,-1,-1,-1,-1,-1,-1,-1,-1,-1,-1 -1,-1,-1,-1,-1,-1,-1,-1,-1,-1,-1,-1,-1,-1,-1 -1,-1,-1,-1,-1,-1,-1,-1,-1,-1,-1,-1,-1,-1,-1 -1,-1,-1,-1,-1,-1,-1,-1,-1,-1,-1,-1,-1,-1,-1 \"} 20000\nOutput from your bot: \"action {\"row\": 9, \"col\": 9}\"\naction {\"round\": 21, \"board\": \"-1,-1,-1,-1,-1,-1,-1,-1,-1,-1,-1,-1,-1,-1,-1 -1,-1,-1,-1,-1,-1,-1,-1,-1,-1,-1,-1,-1,-1,-1 -1,-1,-1,-1,-1,-1,-1,-1,-1,-1,-1,-1,-1,-1,-1 -1,-1,-1,-1,-1,-1,-1,-1,-1,-1,-1,-1,-1,-1,-1 -1,-1,-1,-1,-1,-1,-1,-1,-1,-1,-1,-1,-1,-1,-1 -1,-1,-1,-1,-1,-1,0,1,-1,-1,-1,-1,-1,-1,-1 -1,-1,-1,-1,-1,-1,1,0,0,-1,-1,-1,-1,-1,-1 -1,-1,-1,-1,-1,-1,1,0,1,-1,-1,-1,-1,-1,-1 -1,-1,-1,-1,-1,-1,1,0,0,0,1,-1,-1,-1,-1 -1,-1,-1,-1,-1,-1,0,0,1,0,-1,-1,-1,-1,-1 -1,-1,-1,-1,-1,-1,1,1,-1,-1,1,-1,-1,-1,-1 -1,-1,-1,-1,-1,-1,-1,-1,-1,-1,-1,-1,-1,-1,-1 -1,-1,-1,-1,-1,-1,-1,-1,-1,-1,-1,-1,-1,-1,-1 -1,-1,-1,-1,-1,-1,-1,-1,-1,-1,-1,-1,-1,-1,-1 -1,-1,-1,-1,-1,-1,-1,-1,-1,-1,-1,-1,-1,-1,-1 \"} 20000\nOutput from your bot: \"action {\"row\": 10, \"col\": 9}\"\naction {\"round\": 23, \"board\": \"-1,-1,-1,-1,-1,-1,-1,-1,-1,-1,-1,-1,-1,-1,-1 -1,-1,-1,-1,-1,-1,-1,-1,-1,-1,-1,-1,-1,-1,-1 -1,-1,-1,-1,-1,-1,-1,-1,-1,-1,-1,-1,-1,-1,-1 -1,-1,-1,-1,-1,-1,-1,-1,-1,-1,-1,-1,-1,-1,-1 -1,-1,-1,-1,-1,-1,-1,-1,-1,-1,-1,-1,-1,-1,-1 -1,-1,-1,-1,-1,-1,0,1,-1,-1,-1,-1,-1,-1,-1 -1,-1,-1,-1,-1,-1,1,0,0,-1,-1,-1,-1,-1,-1 -1,-1,-1,-1,-1,-1,1,0,1,-1,-1,-1,-1,-1,-1 -1,-1,-1,-1,-1,-1,1,0,0,0,1,-1,-1,-1,-1 -1,-1,-1,-1,-1,-1,0,0,1,0,-1,-1,-1,-1,-1 -1,-1,-1,-1,-1,-1,1,1,-1,0,1,-1,-1,-1,-1 -1,-1,-1,-1,-1,-1,-1,-1,-1,1,-1,-1,-1,-1,-1 -1,-1,-1,-1,-1,-1,-1,-1,-1,-1,-1,-1,-1,-1,-1 -1,-1,-1,-1,-1,-1,-1,-1,-1,-1,-1,-1,-1,-1,-1 -1,-1,-1,-1,-1,-1,-1,-1,-1,-1,-1,-1,-1,-1,-1 \"} 20000\nOutput from your bot: \"action {\"row\": 7, \"col\": 9}\"\naction {\"round\": 25, \"board\": \"-1,-1,-1,-1,-1,-1,-1,-1,-1,-1,-1,-1,-1,-1,-1 -1,-1,-1,-1,-1,-1,-1,-1,-1,-1,-1,-1,-1,-1,-1 -1,-1,-1,-1,-1,-1,-1,-1,-1,-1,-1,-1,-1,-1,-1 -1,-1,-1,-1,-1,-1,-1,-1,-1,-1,-1,-1,-1,-1,-1 -1,-1,-1,-1,-1,-1,-1,-1,-1,-1,-1,-1,-1,-1,-1 -1,-1,-1,-1,-1,-1,0,1,-1,-1,-1,-1,-1,-1,-1 -1,-1,-1,-1,-1,-1,1,0,0,1,-1,-1,-1,-1,-1 -1,-1,-1,-1,-1,-1,1,0,1,0,-1,-1,-1,-1,-1 -1,-1,-1,-1,-1,-1,1,0,0,0,1,-1,-1,-1,-1 -1,-1,-1,-1,-1,-1,0,0,1,0,-1,-1,-1,-1,-1 -1,-1,-1,-1,-1,-1,1,1,-1,0,1,-1,-1,-1,-1 -1,-1,-1,-1,-1,-1,-1,-1,-1,1,-1,-1,-1,-1,-1 -1,-1,-1,-1,-1,-1,-1,-1,-1,-1,-1,-1,-1,-1,-1 -1,-1,-1,-1,-1,-1,-1,-1,-1,-1,-1,-1,-1,-1,-1 -1,-1,-1,-1,-1,-1,-1,-1,-1,-1,-1,-1,-1,-1,-1 \"} 20000\nOutput from your bot: \"action {\"row\": 6, \"col\": 10}\"\naction {\"round\": 27, \"board\": \"-1,-1,-1,-1,-1,-1,-1,-1,-1,-1,-1,-1,-1,-1,-1 -1,-1,-1,-1,-1,-1,-1,-1,-1,-1,-1,-1,-1,-1,-1 -1,-1,-1,-1,-1,-1,-1,-1,-1,-1,-1,-1,-1,-1,-1 -1,-1,-1,-1,-1,-1,-1,-1,-1,-1,-1,-1,-1,-1,-1 -1,-1,-1,-1,-1,-1,-1,-1,-1,-1,-1,-1,-1,-1,-1 -1,-1,-1,-1,-1,-1,0,1,-1,-1,-1,1,-1,-1,-1 -1,-1,-1,-1,-1,-1,1,0,0,1,0,-1,-1,-1,-1 -1,-1,-1,-1,-1,-1,1,0,1,0,-1,-1,-1,-1,-1 -1,-1,-1,-1,-1,-1,1,0,0,0,1,-1,-1,-1,-1 -1,-1,-1,-1,-1,-1,0,0,1,0,-1,-1,-1,-1,-1 -1,-1,-1,-1,-1,-1,1,1,-1,0,1,-1,-1,-1,-1 -1,-1,-1,-1,-1,-1,-1,-1,-1,1,-1,-1,-1,-1,-1 -1,-1,-1,-1,-1,-1,-1,-1,-1,-1,-1,-1,-1,-1,-1 -1,-1,-1,-1,-1,-1,-1,-1,-1,-1,-1,-1,-1,-1,-1 -1,-1,-1,-1,-1,-1,-1,-1,-1,-1,-1,-1,-1,-1,-1 \"} 20000\nOutput from your bot: \"action {\"row\": 5, \"col\": 9}\"\naction {\"round\": 29, \"board\": \"-1,-1,-1,-1,-1,-1,-1,-1,-1,-1,-1,-1,-1,-1,-1 -1,-1,-1,-1,-1,-1,-1,-1,-1,-1,-1,-1,-1,-1,-1 -1,-1,-1,-1,-1,-1,-1,-1,-1,-1,-1,-1,-1,-1,-1 -1,-1,-1,-1,-1,-1,-1,-1,-1,-1,-1,-1,-1,-1,-1 -1,-1,-1,-1,-1,-1,-1,-1,-1,-1,1,-1,-1,-1,-1 -1,-1,-1,-1,-1,-1,0,1,-1,0,-1,1,-1,-1,-1 -1,-1,-1,-1,-1,-1,1,0,0,1,0,-1,-1,-1,-1 -1,-1,-1,-1,-1,-1,1,0,1,0,-1,-1,-1,-1,-1 -1,-1,-1,-1,-1,-1,1,0,0,0,1,-1,-1,-1,-1 -1,-1,-1,-1,-1,-1,0,0,1,0,-1,-1,-1,-1,-1 -1,-1,-1,-1,-1,-1,1,1,-1,0,1,-1,-1,-1,-1 -1,-1,-1,-1,-1,-1,-1,-1,-1,1,-1,-1,-1,-1,-1 -1,-1,-1,-1,-1,-1,-1,-1,-1,-1,-1,-1,-1,-1,-1 -1,-1,-1,-1,-1,-1,-1,-1,-1,-1,-1,-1,-1,-1,-1 -1,-1,-1,-1,-1,-1,-1,-1,-1,-1,-1,-1,-1,-1,-1 \"} 20000\nOutput from your bot: \"action {\"row\": 4, \"col\": 8}\"\naction {\"round\": 31, \"board\": \"-1,-1,-1,-1,-1,-1,-1,-1,-1,-1,-1,-1,-1,-1,-1 -1,-1,-1,-1,-1,-1,-1,-1,-1,-1,-1,-1,-1,-1,-1 -1,-1,-1,-1,-1,-1,-1,-1,-1,-1,-1,-1,-1,-1,-1 -1,-1,-1,-1,-1,-1,-1,-1,-1,-1,-1,-1,-1,-1,-1 -1,-1,-1,-1,-1,-1,-1,-1,0,-1,1,-1,-1,-1,-1 -1,-1,-1,-1,-1,-1,0,1,-1,0,-1,1,-1,-1,-1 -1,-1,-1,-1,-1,-1,1,0,0,1,0,-1,-1,-1,-1 -1,-1,-1,-1,-1,-1,1,0,1,0,-1,1,-1,-1,-1 -1,-1,-1,-1,-1,-1,1,0,0,0,1,-1,-1,-1,-1 -1,-1,-1,-1,-1,-1,0,0,1,0,-1,-1,-1,-1,-1 -1,-1,-1,-1,-1,-1,1,1,-1,0,1,-1,-1,-1,-1 -1,-1,-1,-1,-1,-1,-1,-1,-1,1,-1,-1,-1,-1,-1 -1,-1,-1,-1,-1,-1,-1,-1,-1,-1,-1,-1,-1,-1,-1 -1,-1,-1,-1,-1,-1,-1,-1,-1,-1,-1,-1,-1,-1,-1 -1,-1,-1,-1,-1,-1,-1,-1,-1,-1,-1,-1,-1,-1,-1 \"} 20000\nOutput from your bot: \"action {\"row\": 2, \"col\": 6}\"\naction {\"round\": 33, \"board\": \"-1,-1,-1,-1,-1,-1,-1,-1,-1,-1,-1,-1,-1,-1,-1 -1,-1,-1,-1,-1,-1,-1,-1,-1,-1,-1,-1,-1,-1,-1 -1,-1,-1,-1,-1,-1,0,-1,-1,-1,-1,-1,-1,-1,-1 -1,-1,-1,-1,-1,-1,-1,1,-1,-1,-1,-1,-1,-1,-1 -1,-1,-1,-1,-1,-1,-1,-1,0,-1,1,-1,-1,-1,-1 -1,-1,-1,-1,-1,-1,0,1,-1,0,-1,1,-1,-1,-1 -1,-1,-1,-1,-1,-1,1,0,0,1,0,-1,-1,-1,-1 -1,-1,-1,-1,-1,-1,1,0,1,0,-1,1,-1,-1,-1 -1,-1,-1,-1,-1,-1,1,0,0,0,1,-1,-1,-1,-1 -1,-1,-1,-1,-1,-1,0,0,1,0,-1,-1,-1,-1,-1 -1,-1,-1,-1,-1,-1,1,1,-1,0,1,-1,-1,-1,-1 -1,-1,-1,-1,-1,-1,-1,-1,-1,1,-1,-1,-1,-1,-1 -1,-1,-1,-1,-1,-1,-1,-1,-1,-1,-1,-1,-1,-1,-1 -1,-1,-1,-1,-1,-1,-1,-1,-1,-1,-1,-1,-1,-1,-1 -1,-1,-1,-1,-1,-1,-1,-1,-1,-1,-1,-1,-1,-1,-1 \"} 20000\nOutput from your bot: \"action {\"row\": 2, \"col\": 8}\"\naction {\"round\": 35, \"board\": \"-1,-1,-1,-1,-1,-1,-1,-1,-1,-1,-1,-1,-1,-1,-1 -1,-1,-1,-1,-1,-1,-1,-1,-1,-1,-1,-1,-1,-1,-1 -1,-1,-1,-1,-1,-1,0,-1,0,-1,-1,-1,-1,-1,-1 -1,-1,-1,-1,-1,-1,-1,1,1,-1,-1,-1,-1,-1,-1 -1,-1,-1,-1,-1,-1,-1,-1,0,-1,1,-1,-1,-1,-1 -1,-1,-1,-1,-1,-1,0,1,-1,0,-1,1,-1,-1,-1 -1,-1,-1,-1,-1,-1,1,0,0,1,0,-1,-1,-1,-1 -1,-1,-1,-1,-1,-1,1,0,1,0,-1,1,-1,-1,-1 -1,-1,-1,-1,-1,-1,1,0,0,0,1,-1,-1,-1,-1 -1,-1,-1,-1,-1,-1,0,0,1,0,-1,-1,-1,-1,-1 -1,-1,-1,-1,-1,-1,1,1,-1,0,1,-1,-1,-1,-1 -1,-1,-1,-1,-1,-1,-1,-1,-1,1,-1,-1,-1,-1,-1 -1,-1,-1,-1,-1,-1,-1,-1,-1,-1,-1,-1,-1,-1,-1 -1,-1,-1,-1,-1,-1,-1,-1,-1,-1,-1,-1,-1,-1,-1 -1,-1,-1,-1,-1,-1,-1,-1,-1,-1,-1,-1,-1,-1,-1 \"} 20000\nOutput from your bot: \"action {\"row\": 2, \"col\": 7}\"\naction {\"round\": 37, \"board\": \"-1,-1,-1,-1,-1,-1,-1,-1,-1,-1,-1,-1,-1,-1,-1 -1,-1,-1,-1,-1,-1,-1,-1,-1,-1,-1,-1,-1,-1,-1 -1,-1,-1,-1,-1,-1,0,0,0,1,-1,-1,-1,-1,-1 -1,-1,-1,-1,-1,-1,-1,1,1,-1,-1,-1,-1,-1,-1 -1,-1,-1,-1,-1,-1,-1,-1,0,-1,1,-1,-1,-1,-1 -1,-1,-1,-1,-1,-1,0,1,-1,0,-1,1,-1,-1,-1 -1,-1,-1,-1,-1,-1,1,0,0,1,0,-1,-1,-1,-1 -1,-1,-1,-1,-1,-1,1,0,1,0,-1,1,-1,-1,-1 -1,-1,-1,-1,-1,-1,1,0,0,0,1,-1,-1,-1,-1 -1,-1,-1,-1,-1,-1,0,0,1,0,-1,-1,-1,-1,-1 -1,-1,-1,-1,-1,-1,1,1,-1,0,1,-1,-1,-1,-1 -1,-1,-1,-1,-1,-1,-1,-1,-1,1,-1,-1,-1,-1,-1 -1,-1,-1,-1,-1,-1,-1,-1,-1,-1,-1,-1,-1,-1,-1 -1,-1,-1,-1,-1,-1,-1,-1,-1,-1,-1,-1,-1,-1,-1 -1,-1,-1,-1,-1,-1,-1,-1,-1,-1,-1,-1,-1,-1,-1 \"} 20000\nOutput from your bot: \"action {\"row\": 2, \"col\": 4}\"\naction {\"round\": 39, \"board\": \"-1,-1,-1,-1,-1,-1,-1,-1,-1,-1,-1,-1,-1,-1,-1 -1,-1,-1,-1,-1,-1,-1,-1,-1,-1,-1,-1,-1,-1,-1 -1,-1,-1,-1,0,1,0,0,0,1,-1,-1,-1,-1,-1 -1,-1,-1,-1,-1,-1,-1,1,1,-1,-1,-1,-1,-1,-1 -1,-1,-1,-1,-1,-1,-1,-1,0,-1,1,-1,-1,-1,-1 -1,-1,-1,-1,-1,-1,0,1,-1,0,-1,1,-1,-1,-1 -1,-1,-1,-1,-1,-1,1,0,0,1,0,-1,-1,-1,-1 -1,-1,-1,-1,-1,-1,1,0,1,0,-1,1,-1,-1,-1 -1,-1,-1,-1,-1,-1,1,0,0,0,1,-1,-1,-1,-1 -1,-1,-1,-1,-1,-1,0,0,1,0,-1,-1,-1,-1,-1 -1,-1,-1,-1,-1,-1,1,1,-1,0,1,-1,-1,-1,-1 -1,-1,-1,-1,-1,-1,-1,-1,-1,1,-1,-1,-1,-1,-1 -1,-1,-1,-1,-1,-1,-1,-1,-1,-1,-1,-1,-1,-1,-1 -1,-1,-1,-1,-1,-1,-1,-1,-1,-1,-1,-1,-1,-1,-1 -1,-1,-1,-1,-1,-1,-1,-1,-1,-1,-1,-1,-1,-1,-1 \"} 20000\nOutput from your bot: \"action {\"row\": 3, \"col\": 6}\"\naction {\"round\": 41, \"board\": \"-1,-1,-1,-1,-1,-1,-1,-1,-1,-1,-1,-1,-1,-1,-1 -1,-1,-1,-1,-1,-1,-1,-1,-1,-1,-1,-1,-1,-1,-1 -1,-1,-1,-1,0,1,0,0,0,1,-1,-1,-1,-1,-1 -1,-1,-1,-1,-1,-1,0,1,1,-1,-1,-1,-1,-1,-1 -1,-1,-1,-1,-1,-1,1,-1,0,-1,1,-1,-1,-1,-1 -1,-1,-1,-1,-1,-1,0,1,-1,0,-1,1,-1,-1,-1 -1,-1,-1,-1,-1,-1,1,0,0,1,0,-1,-1,-1,-1 -1,-1,-1,-1,-1,-1,1,0,1,0,-1,1,-1,-1,-1 -1,-1,-1,-1,-1,-1,1,0,0,0,1,-1,-1,-1,-1 -1,-1,-1,-1,-1,-1,0,0,1,0,-1,-1,-1,-1,-1 -1,-1,-1,-1,-1,-1,1,1,-1,0,1,-1,-1,-1,-1 -1,-1,-1,-1,-1,-1,-1,-1,-1,1,-1,-1,-1,-1,-1 -1,-1,-1,-1,-1,-1,-1,-1,-1,-1,-1,-1,-1,-1,-1 -1,-1,-1,-1,-1,-1,-1,-1,-1,-1,-1,-1,-1,-1,-1 -1,-1,-1,-1,-1,-1,-1,-1,-1,-1,-1,-1,-1,-1,-1 \"} 20000\nOutput from your bot: \"action {\"row\": 4, \"col\": 5}\"\naction {\"round\": 43, \"board\": \"-1,-1,-1,-1,-1,-1,-1,-1,-1,-1,-1,-1,-1,-1,-1 -1,-1,-1,-1,-1,-1,-1,-1,-1,-1,-1,-1,-1,-1,-1 -1,-1,-1,-1,0,1,0,0,0,1,-1,-1,-1,-1,-1 -1,-1,-1,-1,-1,-1,0,1,1,-1,-1,-1,-1,-1,-1 -1,-1,-1,-1,-1,0,1,-1,0,-1,1,-1,-1,-1,-1 -1,-1,-1,-1,1,-1,0,1,-1,0,-1,1,-1,-1,-1 -1,-1,-1,-1,-1,-1,1,0,0,1,0,-1,-1,-1,-1 -1,-1,-1,-1,-1,-1,1,0,1,0,-1,1,-1,-1,-1 -1,-1,-1,-1,-1,-1,1,0,0,0,1,-1,-1,-1,-1 -1,-1,-1,-1,-1,-1,0,0,1,0,-1,-1,-1,-1,-1 -1,-1,-1,-1,-1,-1,1,1,-1,0,1,-1,-1,-1,-1 -1,-1,-1,-1,-1,-1,-1,-1,-1,1,-1,-1,-1,-1,-1 -1,-1,-1,-1,-1,-1,-1,-1,-1,-1,-1,-1,-1,-1,-1 -1,-1,-1,-1,-1,-1,-1,-1,-1,-1,-1,-1,-1,-1,-1 -1,-1,-1,-1,-1,-1,-1,-1,-1,-1,-1,-1,-1,-1,-1 \"} 20000\nOutput from your bot: \"action {\"row\": 3, \"col\": 4}\"\naction {\"round\": 45, \"board\": \"-1,-1,-1,-1,-1,-1,-1,-1,-1,-1,-1,-1,-1,-1,-1 -1,-1,-1,-1,-1,-1,-1,-1,-1,-1,-1,-1,-1,-1,-1 -1,-1,-1,1,0,1,0,0,0,1,-1,-1,-1,-1,-1 -1,-1,-1,-1,0,-1,0,1,1,-1,-1,-1,-1,-1,-1 -1,-1,-1,-1,-1,0,1,-1,0,-1,1,-1,-1,-1,-1 -1,-1,-1,-1,1,-1,0,1,-1,0,-1,1,-1,-1,-1 -1,-1,-1,-1,-1,-1,1,0,0,1,0,-1,-1,-1,-1 -1,-1,-1,-1,-1,-1,1,0,1,0,-1,1,-1,-1,-1 -1,-1,-1,-1,-1,-1,1,0,0,0,1,-1,-1,-1,-1 -1,-1,-1,-1,-1,-1,0,0,1,0,-1,-1,-1,-1,-1 -1,-1,-1,-1,-1,-1,1,1,-1,0,1,-1,-1,-1,-1 -1,-1,-1,-1,-1,-1,-1,-1,-1,1,-1,-1,-1,-1,-1 -1,-1,-1,-1,-1,-1,-1,-1,-1,-1,-1,-1,-1,-1,-1 -1,-1,-1,-1,-1,-1,-1,-1,-1,-1,-1,-1,-1,-1,-1 -1,-1,-1,-1,-1,-1,-1,-1,-1,-1,-1,-1,-1,-1,-1 \"} 20000\nOutput from your bot: \"action {\"row\": 1, \"col\": 8}\"\naction {\"round\": 47, \"board\": \"-1,-1,-1,-1,-1,-1,-1,-1,-1,1,-1,-1,-1,-1,-1 -1,-1,-1,-1,-1,-1,-1,-1,0,-1,-1,-1,-1,-1,-1 -1,-1,-1,1,0,1,0,0,0,1,-1,-1,-1,-1,-1 -1,-1,-1,-1,0,-1,0,1,1,-1,-1,-1,-1,-1,-1 -1,-1,-1,-1,-1,0,1,-1,0,-1,1,-1,-1,-1,-1 -1,-1,-1,-1,1,-1,0,1,-1,0,-1,1,-1,-1,-1 -1,-1,-1,-1,-1,-1,1,0,0,1,0,-1,-1,-1,-1 -1,-1,-1,-1,-1,-1,1,0,1,0,-1,1,-1,-1,-1 -1,-1,-1,-1,-1,-1,1,0,0,0,1,-1,-1,-1,-1 -1,-1,-1,-1,-1,-1,0,0,1,0,-1,-1,-1,-1,-1 -1,-1,-1,-1,-1,-1,1,1,-1,0,1,-1,-1,-1,-1 -1,-1,-1,-1,-1,-1,-1,-1,-1,1,-1,-1,-1,-1,-1 -1,-1,-1,-1,-1,-1,-1,-1,-1,-1,-1,-1,-1,-1,-1 -1,-1,-1,-1,-1,-1,-1,-1,-1,-1,-1,-1,-1,-1,-1 -1,-1,-1,-1,-1,-1,-1,-1,-1,-1,-1,-1,-1,-1,-1 \"} 20000\nOutput from your bot: \"action {\"row\": 8, \"col\": 11}\"\naction {\"round\": 49, \"board\": \"-1,-1,-1,-1,-1,-1,-1,-1,-1,1,-1,-1,-1,-1,-1 -1,-1,-1,-1,-1,-1,-1,-1,0,-1,-1,-1,-1,-1,-1 -1,-1,-1,1,0,1,0,0,0,1,-1,-1,-1,-1,-1 -1,-1,-1,-1,0,-1,0,1,1,-1,-1,-1,-1,-1,-1 -1,-1,-1,-1,-1,0,1,-1,0,-1,1,-1,-1,-1,-1 -1,-1,-1,-1,1,-1,0,1,-1,0,-1,1,-1,-1,-1 -1,-1,-1,-1,-1,-1,1,0,0,1,0,-1,-1,-1,-1 -1,-1,-1,-1,-1,-1,1,0,1,0,-1,1,-1,-1,-1 -1,-1,-1,-1,-1,-1,1,0,0,0,1,0,-1,-1,-1 -1,-1,-1,-1,-1,-1,0,0,1,0,1,-1,-1,-1,-1 -1,-1,-1,-1,-1,-1,1,1,-1,0,1,-1,-1,-1,-1 -1,-1,-1,-1,-1,-1,-1,-1,-1,1,-1,-1,-1,-1,-1 -1,-1,-1,-1,-1,-1,-1,-1,-1,-1,-1,-1,-1,-1,-1 -1,-1,-1,-1,-1,-1,-1,-1,-1,-1,-1,-1,-1,-1,-1 -1,-1,-1,-1,-1,-1,-1,-1,-1,-1,-1,-1,-1,-1,-1 \"} 20000\nOutput from your bot: \"action {\"row\": 11, \"col\": 10}\"\naction {\"round\": 51, \"board\": \"-1,-1,-1,-1,-1,-1,-1,-1,-1,1,-1,-1,-1,-1,-1 -1,-1,-1,-1,-1,-1,-1,-1,0,-1,-1,-1,-1,-1,-1 -1,-1,-1,1,0,1,0,0,0,1,-1,-1,-1,-1,-1 -1,-1,-1,1,0,-1,0,1,1,-1,-1,-1,-1,-1,-1 -1,-1,-1,-1,-1,0,1,-1,0,-1,1,-1,-1,-1,-1 -1,-1,-1,-1,1,-1,0,1,-1,0,-1,1,-1,-1,-1 -1,-1,-1,-1,-1,-1,1,0,0,1,0,-1,-1,-1,-1 -1,-1,-1,-1,-1,-1,1,0,1,0,-1,1,-1,-1,-1 -1,-1,-1,-1,-1,-1,1,0,0,0,1,0,-1,-1,-1 -1,-1,-1,-1,-1,-1,0,0,1,0,1,-1,-1,-1,-1 -1,-1,-1,-1,-1,-1,1,1,-1,0,1,-1,-1,-1,-1 -1,-1,-1,-1,-1,-1,-1,-1,-1,1,0,-1,-1,-1,-1 -1,-1,-1,-1,-1,-1,-1,-1,-1,-1,-1,-1,-1,-1,-1 -1,-1,-1,-1,-1,-1,-1,-1,-1,-1,-1,-1,-1,-1,-1 -1,-1,-1,-1,-1,-1,-1,-1,-1,-1,-1,-1,-1,-1,-1 \"} 20000\nOutput from your bot: \"action {\"row\": 4, \"col\": 3}\"\naction {\"round\": 53, \"board\": \"-1,-1,-1,-1,-1,-1,-1,-1,-1,1,-1,-1,-1,-1,-1 -1,-1,-1,-1,-1,-1,-1,-1,0,-1,-1,-1,-1,-1,-1 -1,-1,-1,1,0,1,0,0,0,1,-1,-1,-1,-1,-1 -1,-1,-1,1,0,-1,0,1,1,-1,-1,-1,-1,-1,-1 -1,-1,-1,0,1,0,1,-1,0,-1,1,-1,-1,-1,-1 -1,-1,-1,-1,1,-1,0,1,-1,0,-1,1,-1,-1,-1 -1,-1,-1,-1,-1,-1,1,0,0,1,0,-1,-1,-1,-1 -1,-1,-1,-1,-1,-1,1,0,1,0,-1,1,-1,-1,-1 -1,-1,-1,-1,-1,-1,1,0,0,0,1,0,-1,-1,-1 -1,-1,-1,-1,-1,-1,0,0,1,0,1,-1,-1,-1,-1 -1,-1,-1,-1,-1,-1,1,1,-1,0,1,-1,-1,-1,-1 -1,-1,-1,-1,-1,-1,-1,-1,-1,1,0,-1,-1,-1,-1 -1,-1,-1,-1,-1,-1,-1,-1,-1,-1,-1,-1,-1,-1,-1 -1,-1,-1,-1,-1,-1,-1,-1,-1,-1,-1,-1,-1,-1,-1 -1,-1,-1,-1,-1,-1,-1,-1,-1,-1,-1,-1,-1,-1,-1 \"} 20000\nOutput from your bot: \"action {\"row\": 5, \"col\": 5}\"\naction {\"round\": 55, \"board\": \"-1,-1,-1,-1,-1,-1,-1,-1,-1,1,-1,-1,-1,-1,-1 -1,-1,-1,-1,-1,-1,-1,-1,0,-1,-1,-1,-1,-1,-1 -1,-1,-1,1,0,1,0,0,0,1,-1,-1,-1,-1,-1 -1,-1,-1,1,0,-1,0,1,1,-1,-1,-1,-1,-1,-1 -1,-1,-1,0,1,0,1,-1,0,-1,1,1,-1,-1,-1 -1,-1,-1,-1,1,0,0,1,-1,0,-1,1,-1,-1,-1 -1,-1,-1,-1,-1,-1,1,0,0,1,0,-1,-1,-1,-1 -1,-1,-1,-1,-1,-1,1,0,1,0,-1,1,-1,-1,-1 -1,-1,-1,-1,-1,-1,1,0,0,0,1,0,-1,-1,-1 -1,-1,-1,-1,-1,-1,0,0,1,0,1,-1,-1,-1,-1 -1,-1,-1,-1,-1,-1,1,1,-1,0,1,-1,-1,-1,-1 -1,-1,-1,-1,-1,-1,-1,-1,-1,1,0,-1,-1,-1,-1 -1,-1,-1,-1,-1,-1,-1,-1,-1,-1,-1,-1,-1,-1,-1 -1,-1,-1,-1,-1,-1,-1,-1,-1,-1,-1,-1,-1,-1,-1 -1,-1,-1,-1,-1,-1,-1,-1,-1,-1,-1,-1,-1,-1,-1 \"} 20000\nOutput from your bot: \"action {\"row\": 3, \"col\": 11}\"\naction {\"round\": 57, \"board\": \"-1,-1,-1,-1,-1,-1,-1,-1,-1,1,-1,-1,-1,-1,-1 -1,-1,-1,-1,-1,-1,-1,-1,0,-1,-1,-1,-1,-1,-1 -1,-1,-1,1,0,1,0,0,0,1,-1,-1,-1,-1,-1 -1,-1,-1,1,0,-1,0,1,1,-1,-1,0,-1,-1,-1 -1,-1,-1,0,1,0,1,-1,0,-1,1,1,-1,-1,-1 -1,-1,-1,-1,1,0,0,1,-1,0,1,1,-1,-1,-1 -1,-1,-1,-1,-1,-1,1,0,0,1,0,-1,-1,-1,-1 -1,-1,-1,-1,-1,-1,1,0,1,0,-1,1,-1,-1,-1 -1,-1,-1,-1,-1,-1,1,0,0,0,1,0,-1,-1,-1 -1,-1,-1,-1,-1,-1,0,0,1,0,1,-1,-1,-1,-1 -1,-1,-1,-1,-1,-1,1,1,-1,0,1,-1,-1,-1,-1 -1,-1,-1,-1,-1,-1,-1,-1,-1,1,0,-1,-1,-1,-1 -1,-1,-1,-1,-1,-1,-1,-1,-1,-1,-1,-1,-1,-1,-1 -1,-1,-1,-1,-1,-1,-1,-1,-1,-1,-1,-1,-1,-1,-1 -1,-1,-1,-1,-1,-1,-1,-1,-1,-1,-1,-1,-1,-1,-1 \"} 20000\nOutput from your bot: \"action {\"row\": 3, \"col\": 12}\"\naction {\"round\": 59, \"board\": \"-1,-1,-1,-1,-1,-1,-1,-1,-1,1,-1,-1,-1,-1,-1 -1,-1,-1,-1,-1,-1,-1,-1,0,-1,-1,-1,-1,-1,-1 -1,-1,-1,1,0,1,0,0,0,1,-1,-1,-1,-1,-1 -1,-1,-1,1,0,-1,0,1,1,-1,1,0,0,-1,-1 -1,-1,-1,0,1,0,1,-1,0,-1,1,1,-1,-1,-1 -1,-1,-1,-1,1,0,0,1,-1,0,1,1,-1,-1,-1 -1,-1,-1,-1,-1,-1,1,0,0,1,0,-1,-1,-1,-1 -1,-1,-1,-1,-1,-1,1,0,1,0,-1,1,-1,-1,-1 -1,-1,-1,-1,-1,-1,1,0,0,0,1,0,-1,-1,-1 -1,-1,-1,-1,-1,-1,0,0,1,0,1,-1,-1,-1,-1 -1,-1,-1,-1,-1,-1,1,1,-1,0,1,-1,-1,-1,-1 -1,-1,-1,-1,-1,-1,-1,-1,-1,1,0,-1,-1,-1,-1 -1,-1,-1,-1,-1,-1,-1,-1,-1,-1,-1,-1,-1,-1,-1 -1,-1,-1,-1,-1,-1,-1,-1,-1,-1,-1,-1,-1,-1,-1 -1,-1,-1,-1,-1,-1,-1,-1,-1,-1,-1,-1,-1,-1,-1 \"} 20000\nOutput from your bot: \"action {\"row\": 1, \"col\": 10}\"\naction {\"round\": 61, \"board\": \"-1,-1,-1,-1,-1,-1,-1,-1,-1,1,-1,-1,-1,-1,-1 -1,-1,-1,-1,-1,-1,-1,-1,0,-1,0,-1,-1,-1,-1 -1,-1,-1,1,0,1,0,0,0,1,-1,-1,-1,-1,-1 -1,-1,-1,1,0,-1,0,1,1,-1,1,0,0,-1,-1 -1,-1,-1,0,1,0,1,-1,0,-1,1,1,-1,-1,-1 -1,-1,-1,-1,1,0,0,1,-1,0,1,1,1,-1,-1 -1,-1,-1,-1,-1,-1,1,0,0,1,0,-1,-1,-1,-1 -1,-1,-1,-1,-1,-1,1,0,1,0,-1,1,-1,-1,-1 -1,-1,-1,-1,-1,-1,1,0,0,0,1,0,-1,-1,-1 -1,-1,-1,-1,-1,-1,0,0,1,0,1,-1,-1,-1,-1 -1,-1,-1,-1,-1,-1,1,1,-1,0,1,-1,-1,-1,-1 -1,-1,-1,-1,-1,-1,-1,-1,-1,1,0,-1,-1,-1,-1 -1,-1,-1,-1,-1,-1,-1,-1,-1,-1,-1,-1,-1,-1,-1 -1,-1,-1,-1,-1,-1,-1,-1,-1,-1,-1,-1,-1,-1,-1 -1,-1,-1,-1,-1,-1,-1,-1,-1,-1,-1,-1,-1,-1,-1 \"} 20000\nOutput from your bot: \"action {\"row\": 6, \"col\": 13}\"\naction {\"round\": 63, \"board\": \"-1,-1,-1,-1,-1,-1,-1,-1,-1,1,-1,-1,-1,-1,-1 -1,-1,-1,-1,-1,-1,-1,-1,0,-1,0,-1,-1,-1,-1 -1,-1,-1,1,0,1,0,0,0,1,-1,-1,-1,-1,-1 -1,-1,-1,1,0,-1,0,1,1,-1,1,0,0,-1,-1 -1,-1,-1,0,1,0,1,-1,0,-1,1,1,-1,-1,-1 -1,-1,-1,-1,1,0,0,1,-1,0,1,1,1,1,-1 -1,-1,-1,-1,-1,-1,1,0,0,1,0,-1,-1,0,-1 -1,-1,-1,-1,-1,-1,1,0,1,0,-1,1,-1,-1,-1 -1,-1,-1,-1,-1,-1,1,0,0,0,1,0,-1,-1,-1 -1,-1,-1,-1,-1,-1,0,0,1,0,1,-1,-1,-1,-1 -1,-1,-1,-1,-1,-1,1,1,-1,0,1,-1,-1,-1,-1 -1,-1,-1,-1,-1,-1,-1,-1,-1,1,0,-1,-1,-1,-1 -1,-1,-1,-1,-1,-1,-1,-1,-1,-1,-1,-1,-1,-1,-1 -1,-1,-1,-1,-1,-1,-1,-1,-1,-1,-1,-1,-1,-1,-1 -1,-1,-1,-1,-1,-1,-1,-1,-1,-1,-1,-1,-1,-1,-1 \"} 20000\nOutput from your bot: \"action {\"row\": 5, \"col\": 14}\"\naction {\"round\": 65, \"board\": \"-1,-1,-1,-1,-1,-1,-1,-1,-1,1,-1,-1,-1,-1,-1 -1,-1,-1,-1,-1,-1,-1,-1,0,-1,0,-1,-1,-1,-1 -1,-1,-1,1,0,1,0,0,0,1,-1,-1,-1,-1,-1 -1,-1,-1,1,0,-1,0,1,1,-1,1,0,0,-1,-1 -1,-1,-1,0,1,0,1,-1,0,-1,1,1,-1,-1,-1 -1,-1,-1,-1,1,0,0,1,-1,0,1,1,1,1,0 -1,-1,-1,-1,-1,-1,1,0,0,1,0,-1,1,0,-1 -1,-1,-1,-1,-1,-1,1,0,1,0,-1,1,-1,-1,-1 -1,-1,-1,-1,-1,-1,1,0,0,0,1,0,-1,-1,-1 -1,-1,-1,-1,-1,-1,0,0,1,0,1,-1,-1,-1,-1 -1,-1,-1,-1,-1,-1,1,1,-1,0,1,-1,-1,-1,-1 -1,-1,-1,-1,-1,-1,-1,-1,-1,1,0,-1,-1,-1,-1 -1,-1,-1,-1,-1,-1,-1,-1,-1,-1,-1,-1,-1,-1,-1 -1,-1,-1,-1,-1,-1,-1,-1,-1,-1,-1,-1,-1,-1,-1 -1,-1,-1,-1,-1,-1,-1,-1,-1,-1,-1,-1,-1,-1,-1 \"} 20000\nOutput from your bot: \"action {\"row\": 4, \"col\": 14}\"\naction {\"round\": 67, \"board\": \"-1,-1,-1,-1,-1,-1,-1,-1,-1,1,-1,-1,-1,-1,-1 -1,-1,-1,-1,-1,-1,-1,-1,0,-1,0,-1,-1,-1,-1 -1,-1,-1,1,0,1,0,0,0,1,-1,-1,-1,-1,-1 -1,-1,-1,1,0,-1,0,1,1,-1,1,0,0,-1,-1 -1,-1,-1,0,1,0,1,-1,0,-1,1,1,-1,-1,0 -1,-1,-1,-1,1,0,0,1,-1,0,1,1,1,1,0 -1,-1,-1,-1,-1,-1,1,0,0,1,0,-1,1,0,-1 -1,-1,-1,-1,-1,-1,1,0,1,0,-1,1,-1,1,-1 -1,-1,-1,-1,-1,-1,1,0,0,0,1,0,-1,-1,-1 -1,-1,-1,-1,-1,-1,0,0,1,0,1,-1,-1,-1,-1 -1,-1,-1,-1,-1,-1,1,1,-1,0,1,-1,-1,-1,-1 -1,-1,-1,-1,-1,-1,-1,-1,-1,1,0,-1,-1,-1,-1 -1,-1,-1,-1,-1,-1,-1,-1,-1,-1,-1,-1,-1,-1,-1 -1,-1,-1,-1,-1,-1,-1,-1,-1,-1,-1,-1,-1,-1,-1 -1,-1,-1,-1,-1,-1,-1,-1,-1,-1,-1,-1,-1,-1,-1 \"} 20000\nOutput from your bot: \"action {\"row\": 8, \"col\": 14}\"\n","totalResponseTime":167,"errors":""},{"responseTimes":[4,2,2,5,4,2,2,5,4,2,2,8,5,2,4,2,5,2,2,4,8,2,2,2,2,4,4,2,2,2,4,3,2,2],"log":"settings player_names player0,player1\nsettings your_bot player1\nsettings timebank 20000\nsettings time_per_move 10000\naction {\"round\": 2, \"board\": \"-1,-1,-1,-1,-1,-1,-1,-1,-1,-1,-1,-1,-1,-1,-1 -1,-1,-1,-1,-1,-1,-1,-1,-1,-1,-1,-1,-1,-1,-1 -1,-1,-1,-1,-1,-1,-1,-1,-1,-1,-1,-1,-1,-1,-1 -1,-1,-1,-1,-1,-1,-1,-1,-1,-1,-1,-1,-1,-1,-1 -1,-1,-1,-1,-1,-1,-1,-1,-1,-1,-1,-1,-1,-1,-1 -1,-1,-1,-1,-1,-1,-1,-1,-1,-1,-1,-1,-1,-1,-1 -1,-1,-1,-1,-1,-1,-1,-1,-1,-1,-1,-1,-1,-1,-1 -1,-1,-1,-1,-1,-1,-1,0,-1,-1,-1,-1,-1,-1,-1 -1,-1,-1,-1,-1,-1,-1,-1,-1,-1,-1,-1,-1,-1,-1 -1,-1,-1,-1,-1,-1,-1,-1,-1,-1,-1,-1,-1,-1,-1 -1,-1,-1,-1,-1,-1,-1,-1,-1,-1,-1,-1,-1,-1,-1 -1,-1,-1,-1,-1,-1,-1,-1,-1,-1,-1,-1,-1,-1,-1 -1,-1,-1,-1,-1,-1,-1,-1,-1,-1,-1,-1,-1,-1,-1 -1,-1,-1,-1,-1,-1,-1,-1,-1,-1,-1,-1,-1,-1,-1 -1,-1,-1,-1,-1,-1,-1,-1,-1,-1,-1,-1,-1,-1,-1 \"} 20000\nOutput from your bot: \"action {\"row\": 6, \"col\": 6}\"\naction {\"round\": 4, \"board\": \"-1,-1,-1,-1,-1,-1,-1,-1,-1,-1,-1,-1,-1,-1,-1 -1,-1,-1,-1,-1,-1,-1,-1,-1,-1,-1,-1,-1,-1,-1 -1,-1,-1,-1,-1,-1,-1,-1,-1,-1,-1,-1,-1,-1,-1 -1,-1,-1,-1,-1,-1,-1,-1,-1,-1,-1,-1,-1,-1,-1 -1,-1,-1,-1,-1,-1,-1,-1,-1,-1,-1,-1,-1,-1,-1 -1,-1,-1,-1,-1,-1,-1,-1,-1,-1,-1,-1,-1,-1,-1 -1,-1,-1,-1,-1,-1,1,0,-1,-1,-1,-1,-1,-1,-1 -1,-1,-1,-1,-1,-1,-1,0,-1,-1,-1,-1,-1,-1,-1 -1,-1,-1,-1,-1,-1,-1,-1,-1,-1,-1,-1,-1,-1,-1 -1,-1,-1,-1,-1,-1,-1,-1,-1,-1,-1,-1,-1,-1,-1 -1,-1,-1,-1,-1,-1,-1,-1,-1,-1,-1,-1,-1,-1,-1 -1,-1,-1,-1,-1,-1,-1,-1,-1,-1,-1,-1,-1,-1,-1 -1,-1,-1,-1,-1,-1,-1,-1,-1,-1,-1,-1,-1,-1,-1 -1,-1,-1,-1,-1,-1,-1,-1,-1,-1,-1,-1,-1,-1,-1 -1,-1,-1,-1,-1,-1,-1,-1,-1,-1,-1,-1,-1,-1,-1 \"} 20000\nOutput from your bot: \"action {\"row\": 7, \"col\": 6}\"\naction {\"round\": 6, \"board\": \"-1,-1,-1,-1,-1,-1,-1,-1,-1,-1,-1,-1,-1,-1,-1 -1,-1,-1,-1,-1,-1,-1,-1,-1,-1,-1,-1,-1,-1,-1 -1,-1,-1,-1,-1,-1,-1,-1,-1,-1,-1,-1,-1,-1,-1 -1,-1,-1,-1,-1,-1,-1,-1,-1,-1,-1,-1,-1,-1,-1 -1,-1,-1,-1,-1,-1,-1,-1,-1,-1,-1,-1,-1,-1,-1 -1,-1,-1,-1,-1,-1,0,-1,-1,-1,-1,-1,-1,-1,-1 -1,-1,-1,-1,-1,-1,1,0,-1,-1,-1,-1,-1,-1,-1 -1,-1,-1,-1,-1,-1,1,0,-1,-1,-1,-1,-1,-1,-1 -1,-1,-1,-1,-1,-1,-1,-1,-1,-1,-1,-1,-1,-1,-1 -1,-1,-1,-1,-1,-1,-1,-1,-1,-1,-1,-1,-1,-1,-1 -1,-1,-1,-1,-1,-1,-1,-1,-1,-1,-1,-1,-1,-1,-1 -1,-1,-1,-1,-1,-1,-1,-1,-1,-1,-1,-1,-1,-1,-1 -1,-1,-1,-1,-1,-1,-1,-1,-1,-1,-1,-1,-1,-1,-1 -1,-1,-1,-1,-1,-1,-1,-1,-1,-1,-1,-1,-1,-1,-1 -1,-1,-1,-1,-1,-1,-1,-1,-1,-1,-1,-1,-1,-1,-1 \"} 20000\nOutput from your bot: \"action {\"row\": 5, \"col\": 7}\"\naction {\"round\": 8, \"board\": \"-1,-1,-1,-1,-1,-1,-1,-1,-1,-1,-1,-1,-1,-1,-1 -1,-1,-1,-1,-1,-1,-1,-1,-1,-1,-1,-1,-1,-1,-1 -1,-1,-1,-1,-1,-1,-1,-1,-1,-1,-1,-1,-1,-1,-1 -1,-1,-1,-1,-1,-1,-1,-1,-1,-1,-1,-1,-1,-1,-1 -1,-1,-1,-1,-1,-1,-1,-1,-1,-1,-1,-1,-1,-1,-1 -1,-1,-1,-1,-1,-1,0,1,-1,-1,-1,-1,-1,-1,-1 -1,-1,-1,-1,-1,-1,1,0,0,-1,-1,-1,-1,-1,-1 -1,-1,-1,-1,-1,-1,1,0,-1,-1,-1,-1,-1,-1,-1 -1,-1,-1,-1,-1,-1,-1,-1,-1,-1,-1,-1,-1,-1,-1 -1,-1,-1,-1,-1,-1,-1,-1,-1,-1,-1,-1,-1,-1,-1 -1,-1,-1,-1,-1,-1,-1,-1,-1,-1,-1,-1,-1,-1,-1 -1,-1,-1,-1,-1,-1,-1,-1,-1,-1,-1,-1,-1,-1,-1 -1,-1,-1,-1,-1,-1,-1,-1,-1,-1,-1,-1,-1,-1,-1 -1,-1,-1,-1,-1,-1,-1,-1,-1,-1,-1,-1,-1,-1,-1 -1,-1,-1,-1,-1,-1,-1,-1,-1,-1,-1,-1,-1,-1,-1 \"} 20000\nOutput from your bot: \"action {\"row\": 7, \"col\": 8}\"\naction {\"round\": 10, \"board\": \"-1,-1,-1,-1,-1,-1,-1,-1,-1,-1,-1,-1,-1,-1,-1 -1,-1,-1,-1,-1,-1,-1,-1,-1,-1,-1,-1,-1,-1,-1 -1,-1,-1,-1,-1,-1,-1,-1,-1,-1,-1,-1,-1,-1,-1 -1,-1,-1,-1,-1,-1,-1,-1,-1,-1,-1,-1,-1,-1,-1 -1,-1,-1,-1,-1,-1,-1,-1,-1,-1,-1,-1,-1,-1,-1 -1,-1,-1,-1,-1,-1,0,1,-1,-1,-1,-1,-1,-1,-1 -1,-1,-1,-1,-1,-1,1,0,0,-1,-1,-1,-1,-1,-1 -1,-1,-1,-1,-1,-1,1,0,1,-1,-1,-1,-1,-1,-1 -1,-1,-1,-1,-1,-1,-1,0,-1,-1,-1,-1,-1,-1,-1 -1,-1,-1,-1,-1,-1,-1,-1,-1,-1,-1,-1,-1,-1,-1 -1,-1,-1,-1,-1,-1,-1,-1,-1,-1,-1,-1,-1,-1,-1 -1,-1,-1,-1,-1,-1,-1,-1,-1,-1,-1,-1,-1,-1,-1 -1,-1,-1,-1,-1,-1,-1,-1,-1,-1,-1,-1,-1,-1,-1 -1,-1,-1,-1,-1,-1,-1,-1,-1,-1,-1,-1,-1,-1,-1 -1,-1,-1,-1,-1,-1,-1,-1,-1,-1,-1,-1,-1,-1,-1 \"} 20000\nOutput from your bot: \"action {\"row\": 8, \"col\": 6}\"\naction {\"round\": 12, \"board\": \"-1,-1,-1,-1,-1,-1,-1,-1,-1,-1,-1,-1,-1,-1,-1 -1,-1,-1,-1,-1,-1,-1,-1,-1,-1,-1,-1,-1,-1,-1 -1,-1,-1,-1,-1,-1,-1,-1,-1,-1,-1,-1,-1,-1,-1 -1,-1,-1,-1,-1,-1,-1,-1,-1,-1,-1,-1,-1,-1,-1 -1,-1,-1,-1,-1,-1,-1,-1,-1,-1,-1,-1,-1,-1,-1 -1,-1,-1,-1,-1,-1,0,1,-1,-1,-1,-1,-1,-1,-1 -1,-1,-1,-1,-1,-1,1,0,0,-1,-1,-1,-1,-1,-1 -1,-1,-1,-1,-1,-1,1,0,1,-1,-1,-1,-1,-1,-1 -1,-1,-1,-1,-1,-1,1,0,-1,-1,-1,-1,-1,-1,-1 -1,-1,-1,-1,-1,-1,-1,0,-1,-1,-1,-1,-1,-1,-1 -1,-1,-1,-1,-1,-1,-1,-1,-1,-1,-1,-1,-1,-1,-1 -1,-1,-1,-1,-1,-1,-1,-1,-1,-1,-1,-1,-1,-1,-1 -1,-1,-1,-1,-1,-1,-1,-1,-1,-1,-1,-1,-1,-1,-1 -1,-1,-1,-1,-1,-1,-1,-1,-1,-1,-1,-1,-1,-1,-1 -1,-1,-1,-1,-1,-1,-1,-1,-1,-1,-1,-1,-1,-1,-1 \"} 20000\nOutput from your bot: \"action {\"row\": 10, \"col\": 7}\"\naction {\"round\": 14, \"board\": \"-1,-1,-1,-1,-1,-1,-1,-1,-1,-1,-1,-1,-1,-1,-1 -1,-1,-1,-1,-1,-1,-1,-1,-1,-1,-1,-1,-1,-1,-1 -1,-1,-1,-1,-1,-1,-1,-1,-1,-1,-1,-1,-1,-1,-1 -1,-1,-1,-1,-1,-1,-1,-1,-1,-1,-1,-1,-1,-1,-1 -1,-1,-1,-1,-1,-1,-1,-1,-1,-1,-1,-1,-1,-1,-1 -1,-1,-1,-1,-1,-1,0,1,-1,-1,-1,-1,-1,-1,-1 -1,-1,-1,-1,-1,-1,1,0,0,-1,-1,-1,-1,-1,-1 -1,-1,-1,-1,-1,-1,1,0,1,-1,-1,-1,-1,-1,-1 -1,-1,-1,-1,-1,-1,1,0,-1,-1,-1,-1,-1,-1,-1 -1,-1,-1,-1,-1,-1,0,0,-1,-1,-1,-1,-1,-1,-1 -1,-1,-1,-1,-1,-1,-1,1,-1,-1,-1,-1,-1,-1,-1 -1,-1,-1,-1,-1,-1,-1,-1,-1,-1,-1,-1,-1,-1,-1 -1,-1,-1,-1,-1,-1,-1,-1,-1,-1,-1,-1,-1,-1,-1 -1,-1,-1,-1,-1,-1,-1,-1,-1,-1,-1,-1,-1,-1,-1 -1,-1,-1,-1,-1,-1,-1,-1,-1,-1,-1,-1,-1,-1,-1 \"} 20000\nOutput from your bot: \"action {\"row\": 9, \"col\": 8}\"\naction {\"round\": 16, \"board\": \"-1,-1,-1,-1,-1,-1,-1,-1,-1,-1,-1,-1,-1,-1,-1 -1,-1,-1,-1,-1,-1,-1,-1,-1,-1,-1,-1,-1,-1,-1 -1,-1,-1,-1,-1,-1,-1,-1,-1,-1,-1,-1,-1,-1,-1 -1,-1,-1,-1,-1,-1,-1,-1,-1,-1,-1,-1,-1,-1,-1 -1,-1,-1,-1,-1,-1,-1,-1,-1,-1,-1,-1,-1,-1,-1 -1,-1,-1,-1,-1,-1,0,1,-1,-1,-1,-1,-1,-1,-1 -1,-1,-1,-1,-1,-1,1,0,0,-1,-1,-1,-1,-1,-1 -1,-1,-1,-1,-1,-1,1,0,1,-1,-1,-1,-1,-1,-1 -1,-1,-1,-1,-1,-1,1,0,0,-1,-1,-1,-1,-1,-1 -1,-1,-1,-1,-1,-1,0,0,1,-1,-1,-1,-1,-1,-1 -1,-1,-1,-1,-1,-1,-1,1,-1,-1,-1,-1,-1,-1,-1 -1,-1,-1,-1,-1,-1,-1,-1,-1,-1,-1,-1,-1,-1,-1 -1,-1,-1,-1,-1,-1,-1,-1,-1,-1,-1,-1,-1,-1,-1 -1,-1,-1,-1,-1,-1,-1,-1,-1,-1,-1,-1,-1,-1,-1 -1,-1,-1,-1,-1,-1,-1,-1,-1,-1,-1,-1,-1,-1,-1 \"} 20000\nOutput from your bot: \"action {\"row\": 10, \"col\": 6}\"\naction {\"round\": 18, \"board\": \"-1,-1,-1,-1,-1,-1,-1,-1,-1,-1,-1,-1,-1,-1,-1 -1,-1,-1,-1,-1,-1,-1,-1,-1,-1,-1,-1,-1,-1,-1 -1,-1,-1,-1,-1,-1,-1,-1,-1,-1,-1,-1,-1,-1,-1 -1,-1,-1,-1,-1,-1,-1,-1,-1,-1,-1,-1,-1,-1,-1 -1,-1,-1,-1,-1,-1,-1,-1,-1,-1,-1,-1,-1,-1,-1 -1,-1,-1,-1,-1,-1,0,1,-1,-1,-1,-1,-1,-1,-1 -1,-1,-1,-1,-1,-1,1,0,0,-1,-1,-1,-1,-1,-1 -1,-1,-1,-1,-1,-1,1,0,1,-1,-1,-1,-1,-1,-1 -1,-1,-1,-1,-1,-1,1,0,0,0,-1,-1,-1,-1,-1 -1,-1,-1,-1,-1,-1,0,0,1,-1,-1,-1,-1,-1,-1 -1,-1,-1,-1,-1,-1,1,1,-1,-1,-1,-1,-1,-1,-1 -1,-1,-1,-1,-1,-1,-1,-1,-1,-1,-1,-1,-1,-1,-1 -1,-1,-1,-1,-1,-1,-1,-1,-1,-1,-1,-1,-1,-1,-1 -1,-1,-1,-1,-1,-1,-1,-1,-1,-1,-1,-1,-1,-1,-1 -1,-1,-1,-1,-1,-1,-1,-1,-1,-1,-1,-1,-1,-1,-1 \"} 20000\nOutput from your bot: \"action {\"row\": 8, \"col\": 10}\"\naction {\"round\": 20, \"board\": \"-1,-1,-1,-1,-1,-1,-1,-1,-1,-1,-1,-1,-1,-1,-1 -1,-1,-1,-1,-1,-1,-1,-1,-1,-1,-1,-1,-1,-1,-1 -1,-1,-1,-1,-1,-1,-1,-1,-1,-1,-1,-1,-1,-1,-1 -1,-1,-1,-1,-1,-1,-1,-1,-1,-1,-1,-1,-1,-1,-1 -1,-1,-1,-1,-1,-1,-1,-1,-1,-1,-1,-1,-1,-1,-1 -1,-1,-1,-1,-1,-1,0,1,-1,-1,-1,-1,-1,-1,-1 -1,-1,-1,-1,-1,-1,1,0,0,-1,-1,-1,-1,-1,-1 -1,-1,-1,-1,-1,-1,1,0,1,-1,-1,-1,-1,-1,-1 -1,-1,-1,-1,-1,-1,1,0,0,0,1,-1,-1,-1,-1 -1,-1,-1,-1,-1,-1,0,0,1,0,-1,-1,-1,-1,-1 -1,-1,-1,-1,-1,-1,1,1,-1,-1,-1,-1,-1,-1,-1 -1,-1,-1,-1,-1,-1,-1,-1,-1,-1,-1,-1,-1,-1,-1 -1,-1,-1,-1,-1,-1,-1,-1,-1,-1,-1,-1,-1,-1,-1 -1,-1,-1,-1,-1,-1,-1,-1,-1,-1,-1,-1,-1,-1,-1 -1,-1,-1,-1,-1,-1,-1,-1,-1,-1,-1,-1,-1,-1,-1 \"} 20000\nOutput from your bot: \"action {\"row\": 10, \"col\": 10}\"\naction {\"round\": 22, \"board\": \"-1,-1,-1,-1,-1,-1,-1,-1,-1,-1,-1,-1,-1,-1,-1 -1,-1,-1,-1,-1,-1,-1,-1,-1,-1,-1,-1,-1,-1,-1 -1,-1,-1,-1,-1,-1,-1,-1,-1,-1,-1,-1,-1,-1,-1 -1,-1,-1,-1,-1,-1,-1,-1,-1,-1,-1,-1,-1,-1,-1 -1,-1,-1,-1,-1,-1,-1,-1,-1,-1,-1,-1,-1,-1,-1 -1,-1,-1,-1,-1,-1,0,1,-1,-1,-1,-1,-1,-1,-1 -1,-1,-1,-1,-1,-1,1,0,0,-1,-1,-1,-1,-1,-1 -1,-1,-1,-1,-1,-1,1,0,1,-1,-1,-1,-1,-1,-1 -1,-1,-1,-1,-1,-1,1,0,0,0,1,-1,-1,-1,-1 -1,-1,-1,-1,-1,-1,0,0,1,0,-1,-1,-1,-1,-1 -1,-1,-1,-1,-1,-1,1,1,-1,0,1,-1,-1,-1,-1 -1,-1,-1,-1,-1,-1,-1,-1,-1,-1,-1,-1,-1,-1,-1 -1,-1,-1,-1,-1,-1,-1,-1,-1,-1,-1,-1,-1,-1,-1 -1,-1,-1,-1,-1,-1,-1,-1,-1,-1,-1,-1,-1,-1,-1 -1,-1,-1,-1,-1,-1,-1,-1,-1,-1,-1,-1,-1,-1,-1 \"} 20000\nOutput from your bot: \"action {\"row\": 11, \"col\": 9}\"\naction {\"round\": 24, \"board\": \"-1,-1,-1,-1,-1,-1,-1,-1,-1,-1,-1,-1,-1,-1,-1 -1,-1,-1,-1,-1,-1,-1,-1,-1,-1,-1,-1,-1,-1,-1 -1,-1,-1,-1,-1,-1,-1,-1,-1,-1,-1,-1,-1,-1,-1 -1,-1,-1,-1,-1,-1,-1,-1,-1,-1,-1,-1,-1,-1,-1 -1,-1,-1,-1,-1,-1,-1,-1,-1,-1,-1,-1,-1,-1,-1 -1,-1,-1,-1,-1,-1,0,1,-1,-1,-1,-1,-1,-1,-1 -1,-1,-1,-1,-1,-1,1,0,0,-1,-1,-1,-1,-1,-1 -1,-1,-1,-1,-1,-1,1,0,1,0,-1,-1,-1,-1,-1 -1,-1,-1,-1,-1,-1,1,0,0,0,1,-1,-1,-1,-1 -1,-1,-1,-1,-1,-1,0,0,1,0,-1,-1,-1,-1,-1 -1,-1,-1,-1,-1,-1,1,1,-1,0,1,-1,-1,-1,-1 -1,-1,-1,-1,-1,-1,-1,-1,-1,1,-1,-1,-1,-1,-1 -1,-1,-1,-1,-1,-1,-1,-1,-1,-1,-1,-1,-1,-1,-1 -1,-1,-1,-1,-1,-1,-1,-1,-1,-1,-1,-1,-1,-1,-1 -1,-1,-1,-1,-1,-1,-1,-1,-1,-1,-1,-1,-1,-1,-1 \"} 20000\nOutput from your bot: \"action {\"row\": 6, \"col\": 9}\"\naction {\"round\": 26, \"board\": \"-1,-1,-1,-1,-1,-1,-1,-1,-1,-1,-1,-1,-1,-1,-1 -1,-1,-1,-1,-1,-1,-1,-1,-1,-1,-1,-1,-1,-1,-1 -1,-1,-1,-1,-1,-1,-1,-1,-1,-1,-1,-1,-1,-1,-1 -1,-1,-1,-1,-1,-1,-1,-1,-1,-1,-1,-1,-1,-1,-1 -1,-1,-1,-1,-1,-1,-1,-1,-1,-1,-1,-1,-1,-1,-1 -1,-1,-1,-1,-1,-1,0,1,-1,-1,-1,-1,-1,-1,-1 -1,-1,-1,-1,-1,-1,1,0,0,1,0,-1,-1,-1,-1 -1,-1,-1,-1,-1,-1,1,0,1,0,-1,-1,-1,-1,-1 -1,-1,-1,-1,-1,-1,1,0,0,0,1,-1,-1,-1,-1 -1,-1,-1,-1,-1,-1,0,0,1,0,-1,-1,-1,-1,-1 -1,-1,-1,-1,-1,-1,1,1,-1,0,1,-1,-1,-1,-1 -1,-1,-1,-1,-1,-1,-1,-1,-1,1,-1,-1,-1,-1,-1 -1,-1,-1,-1,-1,-1,-1,-1,-1,-1,-1,-1,-1,-1,-1 -1,-1,-1,-1,-1,-1,-1,-1,-1,-1,-1,-1,-1,-1,-1 -1,-1,-1,-1,-1,-1,-1,-1,-1,-1,-1,-1,-1,-1,-1 \"} 20000\nOutput from your bot: \"action {\"row\": 5, \"col\": 11}\"\naction {\"round\": 28, \"board\": \"-1,-1,-1,-1,-1,-1,-1,-1,-1,-1,-1,-1,-1,-1,-1 -1,-1,-1,-1,-1,-1,-1,-1,-1,-1,-1,-1,-1,-1,-1 -1,-1,-1,-1,-1,-1,-1,-1,-1,-1,-1,-1,-1,-1,-1 -1,-1,-1,-1,-1,-1,-1,-1,-1,-1,-1,-1,-1,-1,-1 -1,-1,-1,-1,-1,-1,-1,-1,-1,-1,-1,-1,-1,-1,-1 -1,-1,-1,-1,-1,-1,0,1,-1,0,-1,1,-1,-1,-1 -1,-1,-1,-1,-1,-1,1,0,0,1,0,-1,-1,-1,-1 -1,-1,-1,-1,-1,-1,1,0,1,0,-1,-1,-1,-1,-1 -1,-1,-1,-1,-1,-1,1,0,0,0,1,-1,-1,-1,-1 -1,-1,-1,-1,-1,-1,0,0,1,0,-1,-1,-1,-1,-1 -1,-1,-1,-1,-1,-1,1,1,-1,0,1,-1,-1,-1,-1 -1,-1,-1,-1,-1,-1,-1,-1,-1,1,-1,-1,-1,-1,-1 -1,-1,-1,-1,-1,-1,-1,-1,-1,-1,-1,-1,-1,-1,-1 -1,-1,-1,-1,-1,-1,-1,-1,-1,-1,-1,-1,-1,-1,-1 -1,-1,-1,-1,-1,-1,-1,-1,-1,-1,-1,-1,-1,-1,-1 \"} 20000\nOutput from your bot: \"action {\"row\": 4, \"col\": 10}\"\naction {\"round\": 30, \"board\": \"-1,-1,-1,-1,-1,-1,-1,-1,-1,-1,-1,-1,-1,-1,-1 -1,-1,-1,-1,-1,-1,-1,-1,-1,-1,-1,-1,-1,-1,-1 -1,-1,-1,-1,-1,-1,-1,-1,-1,-1,-1,-1,-1,-1,-1 -1,-1,-1,-1,-1,-1,-1,-1,-1,-1,-1,-1,-1,-1,-1 -1,-1,-1,-1,-1,-1,-1,-1,0,-1,1,-1,-1,-1,-1 -1,-1,-1,-1,-1,-1,0,1,-1,0,-1,1,-1,-1,-1 -1,-1,-1,-1,-1,-1,1,0,0,1,0,-1,-1,-1,-1 -1,-1,-1,-1,-1,-1,1,0,1,0,-1,-1,-1,-1,-1 -1,-1,-1,-1,-1,-1,1,0,0,0,1,-1,-1,-1,-1 -1,-1,-1,-1,-1,-1,0,0,1,0,-1,-1,-1,-1,-1 -1,-1,-1,-1,-1,-1,1,1,-1,0,1,-1,-1,-1,-1 -1,-1,-1,-1,-1,-1,-1,-1,-1,1,-1,-1,-1,-1,-1 -1,-1,-1,-1,-1,-1,-1,-1,-1,-1,-1,-1,-1,-1,-1 -1,-1,-1,-1,-1,-1,-1,-1,-1,-1,-1,-1,-1,-1,-1 -1,-1,-1,-1,-1,-1,-1,-1,-1,-1,-1,-1,-1,-1,-1 \"} 20000\nOutput from your bot: \"action {\"row\": 7, \"col\": 11}\"\naction {\"round\": 32, \"board\": \"-1,-1,-1,-1,-1,-1,-1,-1,-1,-1,-1,-1,-1,-1,-1 -1,-1,-1,-1,-1,-1,-1,-1,-1,-1,-1,-1,-1,-1,-1 -1,-1,-1,-1,-1,-1,0,-1,-1,-1,-1,-1,-1,-1,-1 -1,-1,-1,-1,-1,-1,-1,-1,-1,-1,-1,-1,-1,-1,-1 -1,-1,-1,-1,-1,-1,-1,-1,0,-1,1,-1,-1,-1,-1 -1,-1,-1,-1,-1,-1,0,1,-1,0,-1,1,-1,-1,-1 -1,-1,-1,-1,-1,-1,1,0,0,1,0,-1,-1,-1,-1 -1,-1,-1,-1,-1,-1,1,0,1,0,-1,1,-1,-1,-1 -1,-1,-1,-1,-1,-1,1,0,0,0,1,-1,-1,-1,-1 -1,-1,-1,-1,-1,-1,0,0,1,0,-1,-1,-1,-1,-1 -1,-1,-1,-1,-1,-1,1,1,-1,0,1,-1,-1,-1,-1 -1,-1,-1,-1,-1,-1,-1,-1,-1,1,-1,-1,-1,-1,-1 -1,-1,-1,-1,-1,-1,-1,-1,-1,-1,-1,-1,-1,-1,-1 -1,-1,-1,-1,-1,-1,-1,-1,-1,-1,-1,-1,-1,-1,-1 -1,-1,-1,-1,-1,-1,-1,-1,-1,-1,-1,-1,-1,-1,-1 \"} 20000\nOutput from your bot: \"action {\"row\": 3, \"col\": 7}\"\naction {\"round\": 34, \"board\": \"-1,-1,-1,-1,-1,-1,-1,-1,-1,-1,-1,-1,-1,-1,-1 -1,-1,-1,-1,-1,-1,-1,-1,-1,-1,-1,-1,-1,-1,-1 -1,-1,-1,-1,-1,-1,0,-1,0,-1,-1,-1,-1,-1,-1 -1,-1,-1,-1,-1,-1,-1,1,-1,-1,-1,-1,-1,-1,-1 -1,-1,-1,-1,-1,-1,-1,-1,0,-1,1,-1,-1,-1,-1 -1,-1,-1,-1,-1,-1,0,1,-1,0,-1,1,-1,-1,-1 -1,-1,-1,-1,-1,-1,1,0,0,1,0,-1,-1,-1,-1 -1,-1,-1,-1,-1,-1,1,0,1,0,-1,1,-1,-1,-1 -1,-1,-1,-1,-1,-1,1,0,0,0,1,-1,-1,-1,-1 -1,-1,-1,-1,-1,-1,0,0,1,0,-1,-1,-1,-1,-1 -1,-1,-1,-1,-1,-1,1,1,-1,0,1,-1,-1,-1,-1 -1,-1,-1,-1,-1,-1,-1,-1,-1,1,-1,-1,-1,-1,-1 -1,-1,-1,-1,-1,-1,-1,-1,-1,-1,-1,-1,-1,-1,-1 -1,-1,-1,-1,-1,-1,-1,-1,-1,-1,-1,-1,-1,-1,-1 -1,-1,-1,-1,-1,-1,-1,-1,-1,-1,-1,-1,-1,-1,-1 \"} 20000\nOutput from your bot: \"action {\"row\": 3, \"col\": 8}\"\naction {\"round\": 36, \"board\": \"-1,-1,-1,-1,-1,-1,-1,-1,-1,-1,-1,-1,-1,-1,-1 -1,-1,-1,-1,-1,-1,-1,-1,-1,-1,-1,-1,-1,-1,-1 -1,-1,-1,-1,-1,-1,0,0,0,-1,-1,-1,-1,-1,-1 -1,-1,-1,-1,-1,-1,-1,1,1,-1,-1,-1,-1,-1,-1 -1,-1,-1,-1,-1,-1,-1,-1,0,-1,1,-1,-1,-1,-1 -1,-1,-1,-1,-1,-1,0,1,-1,0,-1,1,-1,-1,-1 -1,-1,-1,-1,-1,-1,1,0,0,1,0,-1,-1,-1,-1 -1,-1,-1,-1,-1,-1,1,0,1,0,-1,1,-1,-1,-1 -1,-1,-1,-1,-1,-1,1,0,0,0,1,-1,-1,-1,-1 -1,-1,-1,-1,-1,-1,0,0,1,0,-1,-1,-1,-1,-1 -1,-1,-1,-1,-1,-1,1,1,-1,0,1,-1,-1,-1,-1 -1,-1,-1,-1,-1,-1,-1,-1,-1,1,-1,-1,-1,-1,-1 -1,-1,-1,-1,-1,-1,-1,-1,-1,-1,-1,-1,-1,-1,-1 -1,-1,-1,-1,-1,-1,-1,-1,-1,-1,-1,-1,-1,-1,-1 -1,-1,-1,-1,-1,-1,-1,-1,-1,-1,-1,-1,-1,-1,-1 \"} 20000\nOutput from your bot: \"action {\"row\": 2, \"col\": 9}\"\naction {\"round\": 38, \"board\": \"-1,-1,-1,-1,-1,-1,-1,-1,-1,-1,-1,-1,-1,-1,-1 -1,-1,-1,-1,-1,-1,-1,-1,-1,-1,-1,-1,-1,-1,-1 -1,-1,-1,-1,0,-1,0,0,0,1,-1,-1,-1,-1,-1 -1,-1,-1,-1,-1,-1,-1,1,1,-1,-1,-1,-1,-1,-1 -1,-1,-1,-1,-1,-1,-1,-1,0,-1,1,-1,-1,-1,-1 -1,-1,-1,-1,-1,-1,0,1,-1,0,-1,1,-1,-1,-1 -1,-1,-1,-1,-1,-1,1,0,0,1,0,-1,-1,-1,-1 -1,-1,-1,-1,-1,-1,1,0,1,0,-1,1,-1,-1,-1 -1,-1,-1,-1,-1,-1,1,0,0,0,1,-1,-1,-1,-1 -1,-1,-1,-1,-1,-1,0,0,1,0,-1,-1,-1,-1,-1 -1,-1,-1,-1,-1,-1,1,1,-1,0,1,-1,-1,-1,-1 -1,-1,-1,-1,-1,-1,-1,-1,-1,1,-1,-1,-1,-1,-1 -1,-1,-1,-1,-1,-1,-1,-1,-1,-1,-1,-1,-1,-1,-1 -1,-1,-1,-1,-1,-1,-1,-1,-1,-1,-1,-1,-1,-1,-1 -1,-1,-1,-1,-1,-1,-1,-1,-1,-1,-1,-1,-1,-1,-1 \"} 20000\nOutput from your bot: \"action {\"row\": 2, \"col\": 5}\"\naction {\"round\": 40, \"board\": \"-1,-1,-1,-1,-1,-1,-1,-1,-1,-1,-1,-1,-1,-1,-1 -1,-1,-1,-1,-1,-1,-1,-1,-1,-1,-1,-1,-1,-1,-1 -1,-1,-1,-1,0,1,0,0,0,1,-1,-1,-1,-1,-1 -1,-1,-1,-1,-1,-1,0,1,1,-1,-1,-1,-1,-1,-1 -1,-1,-1,-1,-1,-1,-1,-1,0,-1,1,-1,-1,-1,-1 -1,-1,-1,-1,-1,-1,0,1,-1,0,-1,1,-1,-1,-1 -1,-1,-1,-1,-1,-1,1,0,0,1,0,-1,-1,-1,-1 -1,-1,-1,-1,-1,-1,1,0,1,0,-1,1,-1,-1,-1 -1,-1,-1,-1,-1,-1,1,0,0,0,1,-1,-1,-1,-1 -1,-1,-1,-1,-1,-1,0,0,1,0,-1,-1,-1,-1,-1 -1,-1,-1,-1,-1,-1,1,1,-1,0,1,-1,-1,-1,-1 -1,-1,-1,-1,-1,-1,-1,-1,-1,1,-1,-1,-1,-1,-1 -1,-1,-1,-1,-1,-1,-1,-1,-1,-1,-1,-1,-1,-1,-1 -1,-1,-1,-1,-1,-1,-1,-1,-1,-1,-1,-1,-1,-1,-1 -1,-1,-1,-1,-1,-1,-1,-1,-1,-1,-1,-1,-1,-1,-1 \"} 20000\nOutput from your bot: \"action {\"row\": 4, \"col\": 6}\"\naction {\"round\": 42, \"board\": \"-1,-1,-1,-1,-1,-1,-1,-1,-1,-1,-1,-1,-1,-1,-1 -1,-1,-1,-1,-1,-1,-1,-1,-1,-1,-1,-1,-1,-1,-1 -1,-1,-1,-1,0,1,0,0,0,1,-1,-1,-1,-1,-1 -1,-1,-1,-1,-1,-1,0,1,1,-1,-1,-1,-1,-1,-1 -1,-1,-1,-1,-1,0,1,-1,0,-1,1,-1,-1,-1,-1 -1,-1,-1,-1,-1,-1,0,1,-1,0,-1,1,-1,-1,-1 -1,-1,-1,-1,-1,-1,1,0,0,1,0,-1,-1,-1,-1 -1,-1,-1,-1,-1,-1,1,0,1,0,-1,1,-1,-1,-1 -1,-1,-1,-1,-1,-1,1,0,0,0,1,-1,-1,-1,-1 -1,-1,-1,-1,-1,-1,0,0,1,0,-1,-1,-1,-1,-1 -1,-1,-1,-1,-1,-1,1,1,-1,0,1,-1,-1,-1,-1 -1,-1,-1,-1,-1,-1,-1,-1,-1,1,-1,-1,-1,-1,-1 -1,-1,-1,-1,-1,-1,-1,-1,-1,-1,-1,-1,-1,-1,-1 -1,-1,-1,-1,-1,-1,-1,-1,-1,-1,-1,-1,-1,-1,-1 -1,-1,-1,-1,-1,-1,-1,-1,-1,-1,-1,-1,-1,-1,-1 \"} 20000\nOutput from your bot: \"action {\"row\": 5, \"col\": 4}\"\naction {\"round\": 44, \"board\": \"-1,-1,-1,-1,-1,-1,-1,-1,-1,-1,-1,-1,-1,-1,-1 -1,-1,-1,-1,-1,-1,-1,-1,-1,-1,-1,-1,-1,-1,-1 -1,-1,-1,-1,0,1,0,0,0,1,-1,-1,-1,-1,-1 -1,-1,-1,-1,0,-1,0,1,1,-1,-1,-1,-1,-1,-1 -1,-1,-1,-1,-1,0,1,-1,0,-1,1,-1,-1,-1,-1 -1,-1,-1,-1,1,-1,0,1,-1,0,-1,1,-1,-1,-1 -1,-1,-1,-1,-1,-1,1,0,0,1,0,-1,-1,-1,-1 -1,-1,-1,-1,-1,-1,1,0,1,0,-1,1,-1,-1,-1 -1,-1,-1,-1,-1,-1,1,0,0,0,1,-1,-1,-1,-1 -1,-1,-1,-1,-1,-1,0,0,1,0,-1,-1,-1,-1,-1 -1,-1,-1,-1,-1,-1,1,1,-1,0,1,-1,-1,-1,-1 -1,-1,-1,-1,-1,-1,-1,-1,-1,1,-1,-1,-1,-1,-1 -1,-1,-1,-1,-1,-1,-1,-1,-1,-1,-1,-1,-1,-1,-1 -1,-1,-1,-1,-1,-1,-1,-1,-1,-1,-1,-1,-1,-1,-1 -1,-1,-1,-1,-1,-1,-1,-1,-1,-1,-1,-1,-1,-1,-1 \"} 20000\nOutput from your bot: \"action {\"row\": 2, \"col\": 3}\"\naction {\"round\": 46, \"board\": \"-1,-1,-1,-1,-1,-1,-1,-1,-1,-1,-1,-1,-1,-1,-1 -1,-1,-1,-1,-1,-1,-1,-1,0,-1,-1,-1,-1,-1,-1 -1,-1,-1,1,0,1,0,0,0,1,-1,-1,-1,-1,-1 -1,-1,-1,-1,0,-1,0,1,1,-1,-1,-1,-1,-1,-1 -1,-1,-1,-1,-1,0,1,-1,0,-1,1,-1,-1,-1,-1 -1,-1,-1,-1,1,-1,0,1,-1,0,-1,1,-1,-1,-1 -1,-1,-1,-1,-1,-1,1,0,0,1,0,-1,-1,-1,-1 -1,-1,-1,-1,-1,-1,1,0,1,0,-1,1,-1,-1,-1 -1,-1,-1,-1,-1,-1,1,0,0,0,1,-1,-1,-1,-1 -1,-1,-1,-1,-1,-1,0,0,1,0,-1,-1,-1,-1,-1 -1,-1,-1,-1,-1,-1,1,1,-1,0,1,-1,-1,-1,-1 -1,-1,-1,-1,-1,-1,-1,-1,-1,1,-1,-1,-1,-1,-1 -1,-1,-1,-1,-1,-1,-1,-1,-1,-1,-1,-1,-1,-1,-1 -1,-1,-1,-1,-1,-1,-1,-1,-1,-1,-1,-1,-1,-1,-1 -1,-1,-1,-1,-1,-1,-1,-1,-1,-1,-1,-1,-1,-1,-1 \"} 20000\nOutput from your bot: \"action {\"row\": 0, \"col\": 9}\"\naction {\"round\": 48, \"board\": \"-1,-1,-1,-1,-1,-1,-1,-1,-1,1,-1,-1,-1,-1,-1 -1,-1,-1,-1,-1,-1,-1,-1,0,-1,-1,-1,-1,-1,-1 -1,-1,-1,1,0,1,0,0,0,1,-1,-1,-1,-1,-1 -1,-1,-1,-1,0,-1,0,1,1,-1,-1,-1,-1,-1,-1 -1,-1,-1,-1,-1,0,1,-1,0,-1,1,-1,-1,-1,-1 -1,-1,-1,-1,1,-1,0,1,-1,0,-1,1,-1,-1,-1 -1,-1,-1,-1,-1,-1,1,0,0,1,0,-1,-1,-1,-1 -1,-1,-1,-1,-1,-1,1,0,1,0,-1,1,-1,-1,-1 -1,-1,-1,-1,-1,-1,1,0,0,0,1,0,-1,-1,-1 -1,-1,-1,-1,-1,-1,0,0,1,0,-1,-1,-1,-1,-1 -1,-1,-1,-1,-1,-1,1,1,-1,0,1,-1,-1,-1,-1 -1,-1,-1,-1,-1,-1,-1,-1,-1,1,-1,-1,-1,-1,-1 -1,-1,-1,-1,-1,-1,-1,-1,-1,-1,-1,-1,-1,-1,-1 -1,-1,-1,-1,-1,-1,-1,-1,-1,-1,-1,-1,-1,-1,-1 -1,-1,-1,-1,-1,-1,-1,-1,-1,-1,-1,-1,-1,-1,-1 \"} 20000\nOutput from your bot: \"action {\"row\": 9, \"col\": 10}\"\naction {\"round\": 50, \"board\": \"-1,-1,-1,-1,-1,-1,-1,-1,-1,1,-1,-1,-1,-1,-1 -1,-1,-1,-1,-1,-1,-1,-1,0,-1,-1,-1,-1,-1,-1 -1,-1,-1,1,0,1,0,0,0,1,-1,-1,-1,-1,-1 -1,-1,-1,-1,0,-1,0,1,1,-1,-1,-1,-1,-1,-1 -1,-1,-1,-1,-1,0,1,-1,0,-1,1,-1,-1,-1,-1 -1,-1,-1,-1,1,-1,0,1,-1,0,-1,1,-1,-1,-1 -1,-1,-1,-1,-1,-1,1,0,0,1,0,-1,-1,-1,-1 -1,-1,-1,-1,-1,-1,1,0,1,0,-1,1,-1,-1,-1 -1,-1,-1,-1,-1,-1,1,0,0,0,1,0,-1,-1,-1 -1,-1,-1,-1,-1,-1,0,0,1,0,1,-1,-1,-1,-1 -1,-1,-1,-1,-1,-1,1,1,-1,0,1,-1,-1,-1,-1 -1,-1,-1,-1,-1,-1,-1,-1,-1,1,0,-1,-1,-1,-1 -1,-1,-1,-1,-1,-1,-1,-1,-1,-1,-1,-1,-1,-1,-1 -1,-1,-1,-1,-1,-1,-1,-1,-1,-1,-1,-1,-1,-1,-1 -1,-1,-1,-1,-1,-1,-1,-1,-1,-1,-1,-1,-1,-1,-1 \"} 20000\nOutput from your bot: \"action {\"row\": 3, \"col\": 3}\"\naction {\"round\": 52, \"board\": \"-1,-1,-1,-1,-1,-1,-1,-1,-1,1,-1,-1,-1,-1,-1 -1,-1,-1,-1,-1,-1,-1,-1,0,-1,-1,-1,-1,-1,-1 -1,-1,-1,1,0,1,0,0,0,1,-1,-1,-1,-1,-1 -1,-1,-1,1,0,-1,0,1,1,-1,-1,-1,-1,-1,-1 -1,-1,-1,0,-1,0,1,-1,0,-1,1,-1,-1,-1,-1 -1,-1,-1,-1,1,-1,0,1,-1,0,-1,1,-1,-1,-1 -1,-1,-1,-1,-1,-1,1,0,0,1,0,-1,-1,-1,-1 -1,-1,-1,-1,-1,-1,1,0,1,0,-1,1,-1,-1,-1 -1,-1,-1,-1,-1,-1,1,0,0,0,1,0,-1,-1,-1 -1,-1,-1,-1,-1,-1,0,0,1,0,1,-1,-1,-1,-1 -1,-1,-1,-1,-1,-1,1,1,-1,0,1,-1,-1,-1,-1 -1,-1,-1,-1,-1,-1,-1,-1,-1,1,0,-1,-1,-1,-1 -1,-1,-1,-1,-1,-1,-1,-1,-1,-1,-1,-1,-1,-1,-1 -1,-1,-1,-1,-1,-1,-1,-1,-1,-1,-1,-1,-1,-1,-1 -1,-1,-1,-1,-1,-1,-1,-1,-1,-1,-1,-1,-1,-1,-1 \"} 20000\nOutput from your bot: \"action {\"row\": 4, \"col\": 4}\"\naction {\"round\": 54, \"board\": \"-1,-1,-1,-1,-1,-1,-1,-1,-1,1,-1,-1,-1,-1,-1 -1,-1,-1,-1,-1,-1,-1,-1,0,-1,-1,-1,-1,-1,-1 -1,-1,-1,1,0,1,0,0,0,1,-1,-1,-1,-1,-1 -1,-1,-1,1,0,-1,0,1,1,-1,-1,-1,-1,-1,-1 -1,-1,-1,0,1,0,1,-1,0,-1,1,-1,-1,-1,-1 -1,-1,-1,-1,1,0,0,1,-1,0,-1,1,-1,-1,-1 -1,-1,-1,-1,-1,-1,1,0,0,1,0,-1,-1,-1,-1 -1,-1,-1,-1,-1,-1,1,0,1,0,-1,1,-1,-1,-1 -1,-1,-1,-1,-1,-1,1,0,0,0,1,0,-1,-1,-1 -1,-1,-1,-1,-1,-1,0,0,1,0,1,-1,-1,-1,-1 -1,-1,-1,-1,-1,-1,1,1,-1,0,1,-1,-1,-1,-1 -1,-1,-1,-1,-1,-1,-1,-1,-1,1,0,-1,-1,-1,-1 -1,-1,-1,-1,-1,-1,-1,-1,-1,-1,-1,-1,-1,-1,-1 -1,-1,-1,-1,-1,-1,-1,-1,-1,-1,-1,-1,-1,-1,-1 -1,-1,-1,-1,-1,-1,-1,-1,-1,-1,-1,-1,-1,-1,-1 \"} 20000\nOutput from your bot: \"action {\"row\": 4, \"col\": 11}\"\naction {\"round\": 56, \"board\": \"-1,-1,-1,-1,-1,-1,-1,-1,-1,1,-1,-1,-1,-1,-1 -1,-1,-1,-1,-1,-1,-1,-1,0,-1,-1,-1,-1,-1,-1 -1,-1,-1,1,0,1,0,0,0,1,-1,-1,-1,-1,-1 -1,-1,-1,1,0,-1,0,1,1,-1,-1,0,-1,-1,-1 -1,-1,-1,0,1,0,1,-1,0,-1,1,1,-1,-1,-1 -1,-1,-1,-1,1,0,0,1,-1,0,-1,1,-1,-1,-1 -1,-1,-1,-1,-1,-1,1,0,0,1,0,-1,-1,-1,-1 -1,-1,-1,-1,-1,-1,1,0,1,0,-1,1,-1,-1,-1 -1,-1,-1,-1,-1,-1,1,0,0,0,1,0,-1,-1,-1 -1,-1,-1,-1,-1,-1,0,0,1,0,1,-1,-1,-1,-1 -1,-1,-1,-1,-1,-1,1,1,-1,0,1,-1,-1,-1,-1 -1,-1,-1,-1,-1,-1,-1,-1,-1,1,0,-1,-1,-1,-1 -1,-1,-1,-1,-1,-1,-1,-1,-1,-1,-1,-1,-1,-1,-1 -1,-1,-1,-1,-1,-1,-1,-1,-1,-1,-1,-1,-1,-1,-1 -1,-1,-1,-1,-1,-1,-1,-1,-1,-1,-1,-1,-1,-1,-1 \"} 20000\nOutput from your bot: \"action {\"row\": 5, \"col\": 10}\"\naction {\"round\": 58, \"board\": \"-1,-1,-1,-1,-1,-1,-1,-1,-1,1,-1,-1,-1,-1,-1 -1,-1,-1,-1,-1,-1,-1,-1,0,-1,-1,-1,-1,-1,-1 -1,-1,-1,1,0,1,0,0,0,1,-1,-1,-1,-1,-1 -1,-1,-1,1,0,-1,0,1,1,-1,-1,0,0,-1,-1 -1,-1,-1,0,1,0,1,-1,0,-1,1,1,-1,-1,-1 -1,-1,-1,-1,1,0,0,1,-1,0,1,1,-1,-1,-1 -1,-1,-1,-1,-1,-1,1,0,0,1,0,-1,-1,-1,-1 -1,-1,-1,-1,-1,-1,1,0,1,0,-1,1,-1,-1,-1 -1,-1,-1,-1,-1,-1,1,0,0,0,1,0,-1,-1,-1 -1,-1,-1,-1,-1,-1,0,0,1,0,1,-1,-1,-1,-1 -1,-1,-1,-1,-1,-1,1,1,-1,0,1,-1,-1,-1,-1 -1,-1,-1,-1,-1,-1,-1,-1,-1,1,0,-1,-1,-1,-1 -1,-1,-1,-1,-1,-1,-1,-1,-1,-1,-1,-1,-1,-1,-1 -1,-1,-1,-1,-1,-1,-1,-1,-1,-1,-1,-1,-1,-1,-1 -1,-1,-1,-1,-1,-1,-1,-1,-1,-1,-1,-1,-1,-1,-1 \"} 20000\nOutput from your bot: \"action {\"row\": 3, \"col\": 10}\"\naction {\"round\": 60, \"board\": \"-1,-1,-1,-1,-1,-1,-1,-1,-1,1,-1,-1,-1,-1,-1 -1,-1,-1,-1,-1,-1,-1,-1,0,-1,0,-1,-1,-1,-1 -1,-1,-1,1,0,1,0,0,0,1,-1,-1,-1,-1,-1 -1,-1,-1,1,0,-1,0,1,1,-1,1,0,0,-1,-1 -1,-1,-1,0,1,0,1,-1,0,-1,1,1,-1,-1,-1 -1,-1,-1,-1,1,0,0,1,-1,0,1,1,-1,-1,-1 -1,-1,-1,-1,-1,-1,1,0,0,1,0,-1,-1,-1,-1 -1,-1,-1,-1,-1,-1,1,0,1,0,-1,1,-1,-1,-1 -1,-1,-1,-1,-1,-1,1,0,0,0,1,0,-1,-1,-1 -1,-1,-1,-1,-1,-1,0,0,1,0,1,-1,-1,-1,-1 -1,-1,-1,-1,-1,-1,1,1,-1,0,1,-1,-1,-1,-1 -1,-1,-1,-1,-1,-1,-1,-1,-1,1,0,-1,-1,-1,-1 -1,-1,-1,-1,-1,-1,-1,-1,-1,-1,-1,-1,-1,-1,-1 -1,-1,-1,-1,-1,-1,-1,-1,-1,-1,-1,-1,-1,-1,-1 -1,-1,-1,-1,-1,-1,-1,-1,-1,-1,-1,-1,-1,-1,-1 \"} 20000\nOutput from your bot: \"action {\"row\": 5, \"col\": 12}\"\naction {\"round\": 62, \"board\": \"-1,-1,-1,-1,-1,-1,-1,-1,-1,1,-1,-1,-1,-1,-1 -1,-1,-1,-1,-1,-1,-1,-1,0,-1,0,-1,-1,-1,-1 -1,-1,-1,1,0,1,0,0,0,1,-1,-1,-1,-1,-1 -1,-1,-1,1,0,-1,0,1,1,-1,1,0,0,-1,-1 -1,-1,-1,0,1,0,1,-1,0,-1,1,1,-1,-1,-1 -1,-1,-1,-1,1,0,0,1,-1,0,1,1,1,-1,-1 -1,-1,-1,-1,-1,-1,1,0,0,1,0,-1,-1,0,-1 -1,-1,-1,-1,-1,-1,1,0,1,0,-1,1,-1,-1,-1 -1,-1,-1,-1,-1,-1,1,0,0,0,1,0,-1,-1,-1 -1,-1,-1,-1,-1,-1,0,0,1,0,1,-1,-1,-1,-1 -1,-1,-1,-1,-1,-1,1,1,-1,0,1,-1,-1,-1,-1 -1,-1,-1,-1,-1,-1,-1,-1,-1,1,0,-1,-1,-1,-1 -1,-1,-1,-1,-1,-1,-1,-1,-1,-1,-1,-1,-1,-1,-1 -1,-1,-1,-1,-1,-1,-1,-1,-1,-1,-1,-1,-1,-1,-1 -1,-1,-1,-1,-1,-1,-1,-1,-1,-1,-1,-1,-1,-1,-1 \"} 20000\nOutput from your bot: \"action {\"row\": 5, \"col\": 13}\"\naction {\"round\": 64, \"board\": \"-1,-1,-1,-1,-1,-1,-1,-1,-1,1,-1,-1,-1,-1,-1 -1,-1,-1,-1,-1,-1,-1,-1,0,-1,0,-1,-1,-1,-1 -1,-1,-1,1,0,1,0,0,0,1,-1,-1,-1,-1,-1 -1,-1,-1,1,0,-1,0,1,1,-1,1,0,0,-1,-1 -1,-1,-1,0,1,0,1,-1,0,-1,1,1,-1,-1,-1 -1,-1,-1,-1,1,0,0,1,-1,0,1,1,1,1,0 -1,-1,-1,-1,-1,-1,1,0,0,1,0,-1,-1,0,-1 -1,-1,-1,-1,-1,-1,1,0,1,0,-1,1,-1,-1,-1 -1,-1,-1,-1,-1,-1,1,0,0,0,1,0,-1,-1,-1 -1,-1,-1,-1,-1,-1,0,0,1,0,1,-1,-1,-1,-1 -1,-1,-1,-1,-1,-1,1,1,-1,0,1,-1,-1,-1,-1 -1,-1,-1,-1,-1,-1,-1,-1,-1,1,0,-1,-1,-1,-1 -1,-1,-1,-1,-1,-1,-1,-1,-1,-1,-1,-1,-1,-1,-1 -1,-1,-1,-1,-1,-1,-1,-1,-1,-1,-1,-1,-1,-1,-1 -1,-1,-1,-1,-1,-1,-1,-1,-1,-1,-1,-1,-1,-1,-1 \"} 20000\nOutput from your bot: \"action {\"row\": 6, \"col\": 12}\"\naction {\"round\": 66, \"board\": \"-1,-1,-1,-1,-1,-1,-1,-1,-1,1,-1,-1,-1,-1,-1 -1,-1,-1,-1,-1,-1,-1,-1,0,-1,0,-1,-1,-1,-1 -1,-1,-1,1,0,1,0,0,0,1,-1,-1,-1,-1,-1 -1,-1,-1,1,0,-1,0,1,1,-1,1,0,0,-1,-1 -1,-1,-1,0,1,0,1,-1,0,-1,1,1,-1,-1,0 -1,-1,-1,-1,1,0,0,1,-1,0,1,1,1,1,0 -1,-1,-1,-1,-1,-1,1,0,0,1,0,-1,1,0,-1 -1,-1,-1,-1,-1,-1,1,0,1,0,-1,1,-1,-1,-1 -1,-1,-1,-1,-1,-1,1,0,0,0,1,0,-1,-1,-1 -1,-1,-1,-1,-1,-1,0,0,1,0,1,-1,-1,-1,-1 -1,-1,-1,-1,-1,-1,1,1,-1,0,1,-1,-1,-1,-1 -1,-1,-1,-1,-1,-1,-1,-1,-1,1,0,-1,-1,-1,-1 -1,-1,-1,-1,-1,-1,-1,-1,-1,-1,-1,-1,-1,-1,-1 -1,-1,-1,-1,-1,-1,-1,-1,-1,-1,-1,-1,-1,-1,-1 -1,-1,-1,-1,-1,-1,-1,-1,-1,-1,-1,-1,-1,-1,-1 \"} 20000\nOutput from your bot: \"action {\"row\": 7, \"col\": 13}\"\naction {\"round\": 68, \"board\": \"-1,-1,-1,-1,-1,-1,-1,-1,-1,1,-1,-1,-1,-1,-1 -1,-1,-1,-1,-1,-1,-1,-1,0,-1,0,-1,-1,-1,-1 -1,-1,-1,1,0,1,0,0,0,1,-1,-1,-1,-1,-1 -1,-1,-1,1,0,-1,0,1,1,-1,1,0,0,-1,-1 -1,-1,-1,0,1,0,1,-1,0,-1,1,1,-1,-1,0 -1,-1,-1,-1,1,0,0,1,-1,0,1,1,1,1,0 -1,-1,-1,-1,-1,-1,1,0,0,1,0,-1,1,0,-1 -1,-1,-1,-1,-1,-1,1,0,1,0,-1,1,-1,1,-1 -1,-1,-1,-1,-1,-1,1,0,0,0,1,0,-1,-1,0 -1,-1,-1,-1,-1,-1,0,0,1,0,1,-1,-1,-1,-1 -1,-1,-1,-1,-1,-1,1,1,-1,0,1,-1,-1,-1,-1 -1,-1,-1,-1,-1,-1,-1,-1,-1,1,0,-1,-1,-1,-1 -1,-1,-1,-1,-1,-1,-1,-1,-1,-1,-1,-1,-1,-1,-1 -1,-1,-1,-1,-1,-1,-1,-1,-1,-1,-1,-1,-1,-1,-1 -1,-1,-1,-1,-1,-1,-1,-1,-1,-1,-1,-1,-1,-1,-1 \"} 20000\nOutput from your bot: \"action {\"row\": 3, \"col\": 9}\"\n","totalResponseTime":109,"errors":""}],"details":"{\"1\": {\"bot\": 0, \"row\": 7, \"col\": 7}, \"2\": {\"bot\": 1, \"row\": 6, \"col\": 6}, \"3\": {\"bot\": 0, \"row\": 6, \"col\": 7}, \"4\": {\"bot\": 1, \"row\": 7, \"col\": 6}, \"5\": {\"bot\": 0, \"row\": 5, \"col\": 6}, \"6\": {\"bot\": 1, \"row\": 5, \"col\": 7}, \"7\": {\"bot\": 0, \"row\": 6, \"col\": 8}, \"8\": {\"bot\": 1, \"row\": 7, \"col\": 8}, \"9\": {\"bot\": 0, \"row\": 8, \"col\": 7}, \"10\": {\"bot\": 1, \"row\": 8, \"col\": 6}, \"11\": {\"bot\": 0, \"row\": 9, \"col\": 7}, \"12\": {\"bot\": 1, \"row\": 10, \"col\": 7}, \"13\": {\"bot\": 0, \"row\": 9, \"col\": 6}, \"14\": {\"bot\": 1, \"row\": 9, \"col\": 8}, \"15\": {\"bot\": 0, \"row\": 8, \"col\": 8}, \"16\": {\"bot\": 1, \"row\": 10, \"col\": 6}, \"17\": {\"bot\": 0, \"row\": 8, \"col\": 9}, \"18\": {\"bot\": 1, \"row\": 8, \"col\": 10}, \"19\": {\"bot\": 0, \"row\": 9, \"col\": 9}, \"20\": {\"bot\": 1, \"row\": 10, \"col\": 10}, \"21\": {\"bot\": 0, \"row\": 10, \"col\": 9}, \"22\": {\"bot\": 1, \"row\": 11, \"col\": 9}, \"23\": {\"bot\": 0, \"row\": 7, \"col\": 9}, \"24\": {\"bot\": 1, \"row\": 6, \"col\": 9}, \"25\": {\"bot\": 0, \"row\": 6, \"col\": 10}, \"26\": {\"bot\": 1, \"row\": 5, \"col\": 11}, \"27\": {\"bot\": 0, \"row\": 5, \"col\": 9}, \"28\": {\"bot\": 1, \"row\": 4, \"col\": 10}, \"29\": {\"bot\": 0, \"row\": 4, \"col\": 8}, \"30\": {\"bot\": 1, \"row\": 7, \"col\": 11}, \"31\": {\"bot\": 0, \"row\": 2, \"col\": 6}, \"32\": {\"bot\": 1, \"row\": 3, \"col\": 7}, \"33\": {\"bot\": 0, \"row\": 2, \"col\": 8}, \"34\": {\"bot\": 1, \"row\": 3, \"col\": 8}, \"35\": {\"bot\": 0, \"row\": 2, \"col\": 7}, \"36\": {\"bot\": 1, \"row\": 2, \"col\": 9}, \"37\": {\"bot\": 0, \"row\": 2, \"col\": 4}, \"38\": {\"bot\": 1, \"row\": 2, \"col\": 5}, \"39\": {\"bot\": 0, \"row\": 3, \"col\": 6}, \"40\": {\"bot\": 1, \"row\": 4, \"col\": 6}, \"41\": {\"bot\": 0, \"row\": 4, \"col\": 5}, \"42\": {\"bot\": 1, \"row\": 5, \"col\": 4}, \"43\": {\"bot\": 0, \"row\": 3, \"col\": 4}, \"44\": {\"bot\": 1, \"row\": 2, \"col\": 3}, \"45\": {\"bot\": 0, \"row\": 1, \"col\": 8}, \"46\": {\"bot\": 1, \"row\": 0, \"col\": 9}, \"47\": {\"bot\": 0, \"row\": 8, \"col\": 11}, \"48\": {\"bot\": 1, \"row\": 9, \"col\": 10}, \"49\": {\"bot\": 0, \"row\": 11, \"col\": 10}, \"50\": {\"bot\": 1, \"row\": 3, \"col\": 3}, \"51\": {\"bot\": 0, \"row\": 4, \"col\": 3}, \"52\": {\"bot\": 1, \"row\": 4, \"col\": 4}, \"53\": {\"bot\": 0, \"row\": 5, \"col\": 5}, \"54\": {\"bot\": 1, \"row\": 4, \"col\": 11}, \"55\": {\"bot\": 0, \"row\": 3, \"col\": 11}, \"56\": {\"bot\": 1, \"row\": 5, \"col\": 10}, \"57\": {\"bot\": 0, \"row\": 3, \"col\": 12}, \"58\": {\"bot\": 1, \"row\": 3, \"col\": 10}, \"59\": {\"bot\": 0, \"row\": 1, \"col\": 10}, \"60\": {\"bot\": 1, \"row\": 5, \"col\": 12}, \"61\": {\"bot\": 0, \"row\": 6, \"col\": 13}, \"62\": {\"bot\": 1, \"row\": 5, \"col\": 13}, \"63\": {\"bot\": 0, \"row\": 5, \"col\": 14}, \"64\": {\"bot\": 1, \"row\": 6, \"col\": 12}, \"65\": {\"bot\": 0, \"row\": 4, \"col\": 14}, \"66\": {\"bot\": 1, \"row\": 7, \"col\": 13}, \"67\": {\"bot\": 0, \"row\": 8, \"col\": 14}, \"68\": {\"bot\": 1, \"row\": 3, \"col\": 9}}"}